https://wibes-02.wbbasket.ru/4b4a7888-ff13-11ef-ae6c-ae9ceb06c459/31393737373033-wibe-video-853/index.m3u8,251910360,False
https://wibes-07.wbbasket.ru/bed73ae9-0000-11f0-93e8-62a8c69d6065/323232373231-wibe-video-1080/index.m3u8,242083981,False
https://wibes-01.wbbasket.ru/be5b0524-00f8-11f0-a2b2-a2b330640b0b/35353439343433-wibe-video-852/index.m3u8,319090045,True
https://wibes-07.wbbasket.ru/907d2f6a-003e-11f0-bde8-169242307da4/35353336353432-wibe-video-1080/index.m3u8,240520100,False
https://wibes-07.wbbasket.ru/2587e69c-f090-11ef-972a-7e7c311fbebb/35343837373836-wibe-video-853/index.m3u8,271444885,True
https://wibes-04.wbbasket.ru/9332a907-0503-11f0-ac0f-def1835cf926/35363038363433-wibe-video-1080/index.m3u8,364429245,False
https://wibes-05.wbbasket.ru/58ce7ece-fe76-11ef-922a-6eb9ccea8b9f/35343930303331-wibe-video-1080/index.m3u8,271729901,False
https://wibes-03.wbbasket.ru/e7b0b8d9-0046-11f0-9066-b677125d692e/35353536353434-wibe-video-464/index.m3u8,114011896,False
https://wibes-05.wbbasket.ru/9c496169-05a9-11f0-97b9-eeadb59cb514/35343837313639-wibe-video-900/index.m3u8,279706846,True
https://wibes-06.wbbasket.ru/94fd1d65-e6c1-11ef-b931-26300c3e8314/35343837313639-wibe-video-1080/index.m3u8,143623218,False
https://wibes-05.wbbasket.ru/a7f83185-ff4b-11ef-a746-869ff26df103/31313235303639-wibe-video-624/index.m3u8,150691478,False
https://wibes-06.wbbasket.ru/ec042f64-ff0f-11ef-8af2-b61ccf2d77c5/31323031343730-wibe-video-1920/index.m3u8,211235023,False
https://wibes-03.wbbasket.ru/d47c61ee-ff06-11ef-b138-16736b8854de/35353230333136-wibe-video-352/index.m3u8,269153142,False
https://wibes-07.wbbasket.ru/31ff11b1-0194-11f0-a338-ae8396e9d04e/35353436313936-wibe-video-960/index.m3u8,239320783,True
https://wibes-06.wbbasket.ru/2fd2bed4-0012-11f0-8f17-52490439c9ed/35353137343636-wibe-video-852/index.m3u8,9020598,False
https://wibes-05.wbbasket.ru/7d4f7e64-0414-11f0-8dc6-960ca6d24609/32383633383830-wibe-video-464/index.m3u8,316714527,True
https://wibes-06.wbbasket.ru/e1ef8e45-ff1d-11ef-ad1b-a2e39277fd20/35343836393930-wibe-video-1080/index.m3u8,166370916,False
https://wibes-05.wbbasket.ru/04e00298-ff2f-11ef-80be-0ea13985011b/35353238353234-wibe-video-1080/index.m3u8,175649486,False
https://wibes-03.wbbasket.ru/d322b6f3-008f-11f0-aeb6-a63d1273ccf8/35353630323633-wibe-video-853/index.m3u8,174589123,False
https://wibes-07.wbbasket.ru/fc120a90-ff18-11ef-adf6-8a8bdf89fe38/32343831343930-wibe-video-1080/index.m3u8,292652401,True
https://wibes-06.wbbasket.ru/342cc643-0449-11f0-9763-56d261be8c37/383335363131-wibe-video-852/index.m3u8,305955875,False
https://wibes-07.wbbasket.ru/4d473c84-ff87-11ef-854e-8a2840156dc5/35353030323739-wibe-video-1440/index.m3u8,213944206,False
https://wibes-05.wbbasket.ru/e5e09bda-b5eb-44ba-949d-b3097b98dd1f/97649-wbkids_articles_editor-video-1080/index.m3u8,150579172,False
https://wibes-04.wbbasket.ru/fe80786f-ee94-11ef-80e6-cef90c3fa9c0/35343838303734-wibe-video-1080/index.m3u8,140629238,False
https://wibes-01.wbbasket.ru/e2d91d49-00ea-11f0-b9b6-8a5e224329ea/35353236333835-wibe-video-1280/index.m3u8,312743992,False
https://wibes-07.wbbasket.ru/a9c3558d-0333-11f0-8016-92651a4952f3/35353636363534-wibe-video-1080/index.m3u8,15331656,False
https://wibes-07.wbbasket.ru/c0b8fba8-e876-11ef-a166-42642241771f/35343836363831-wibe-video-1080/index.m3u8,260852256,False
https://wibes-05.wbbasket.ru/c1c31e2f-fe8e-11ef-a4d7-a2a58a89f0a8/323539323032-wibe-video-1080/index.m3u8,296364236,False
https://wibes-01.wbbasket.ru/872a7e33-0506-11f0-aa86-d247d91d17be/35363439313031-wibe-video-1080/index.m3u8,306033434,False
https://wibes-05.wbbasket.ru/7f73e096-f53b-11ef-958f-c2b4a5ad0ef8/32363736323635-wibe-video-853/index.m3u8,268583366,False
https://wibes-01.wbbasket.ru/6cd29b14-ff28-11ef-83d8-b632f7534004/35353030333035-wibe-video-1080/index.m3u8,232873289,False
https://wibes-01.wbbasket.ru/b46a25e6-ddd8-11ef-ab13-5ec49904081e/323133313433-wibe-video-1080/index.m3u8,262648585,False
https://wibes-01.wbbasket.ru/ffde5dee-0365-11f0-801f-ce6bd4fa71ac/35353232333935-wibe-video-1080/index.m3u8,42266753,False
https://wibes-07.wbbasket.ru/bd108d2a-0014-11f0-b348-2a871039f555/35353531383133-wibe-video-853/index.m3u8,176666568,False
https://wibes-02.wbbasket.ru/c818ddcb-e7cf-11ef-b51f-d2fc8e5d1c6b/33323830323335-wibe-video-1080/index.m3u8,262159786,True
https://wibes-01.wbbasket.ru/6629755b-ff4b-11ef-a7b5-ced9aa42cebc/35353334333239-wibe-video-1080/index.m3u8,230267199,False
https://wibes-04.wbbasket.ru/fa9f6089-ff1a-11ef-b068-2ecfbc218600/35353231353439-wibe-video-720/index.m3u8,191531821,False
https://wibes-05.wbbasket.ru/4006a9d1-fe90-11ef-ad3b-16201527f3c0/35333630363638-wibe-video-1080/index.m3u8,70492070,False
https://wibes-07.wbbasket.ru/e3070359-febc-11ef-8199-0a3cdff75883/35353030303430-wibe-video-900/index.m3u8,158950712,False
https://wibes-01.wbbasket.ru/44f2e301-0118-11f0-bb15-baa94e9cdf9c/35343837323533-wibe-video-852/index.m3u8,262149603,False
https://wibes-02.wbbasket.ru/fcc03722-00f9-11f0-9a37-36c86be66d90/35353639333336-wibe-video-1080/index.m3u8,186942604,False
https://wibes-01.wbbasket.ru/c95d0bd2-2541-4627-9871-597930672728/703432-wbkids_articles_editor-video-1080/index.m3u8,226193863,False
https://wibes-07.wbbasket.ru/12ae674c-fec2-11ef-84c7-1ac007fcbd5a/35343936303139-wibe-video-852/index.m3u8,226227578,False
https://wibes-03.wbbasket.ru/3ed2e12b-eb17-11ef-a4f7-ce38f62a124a/33333938323834-wibe-video-1080/index.m3u8,306858614,False
https://wibes-03.wbbasket.ru/2fa70aa6-0484-11f0-8e59-36321aa72368/35363434333133-wibe-video-1080/index.m3u8,356786429,True
https://wibes-07.wbbasket.ru/afdef7fc-fffa-11ef-b810-a2d40a032259/34383838343635-wibe-video-852/index.m3u8,149277683,False
https://wibes-03.wbbasket.ru/a11b3053-0493-11f0-aa3a-5e8a0edf96e6/31373939383939-wibe-video-720/index.m3u8,202794027,False
https://wibes-03.wbbasket.ru/e37d3915-fee1-11ef-b6dc-1a6f171b79c6/35343937333133-wibe-video-1920/index.m3u8,317639890,False
https://wibes-06.wbbasket.ru/0645d845-00d8-11f0-a1ac-5a84a2951e34/393631383332-wibe-video-700/index.m3u8,226710130,False
https://wibes-01.wbbasket.ru/f7722730-0175-11f0-a3e1-cee3db9d67de/35353736333139-wibe-video-828/index.m3u8,345718656,True
https://wibes-02.wbbasket.ru/627708d0-ff2a-11ef-b2a8-3627880473cc/35343939373937-wibe-video-1080/index.m3u8,304864372,False
https://wibes-05.wbbasket.ru/05423cc8-00c0-11f0-8fc5-ca86a8d681a5/35353633363335-wibe-video-853/index.m3u8,145388998,False
https://wibes-07.wbbasket.ru/adf4c9c2-de1f-11ef-8808-8e7475e842b6/33393738313432-wibe-video-1080/index.m3u8,276064322,False
https://wibes-02.wbbasket.ru/eda3c908-e593-11ef-b931-26300c3e8314/31393439373233-wibe-video-1080/index.m3u8,317255274,False
https://wibes-03.wbbasket.ru/ec574152-ff04-11ef-948c-dabb9d1685d8/35353230303935-wibe-video-853/index.m3u8,79542182,False
https://wibes-03.wbbasket.ru/d189428e-0003-11f0-9482-a2f63b22229f/35353334393137-wibe-video-1536/index.m3u8,200935967,True
https://wibes-07.wbbasket.ru/018b2653-ff4a-11ef-b08c-aa589c82e313/35353238363839-wibe-video-852/index.m3u8,278157164,False
https://wibes-07.wbbasket.ru/f3dc38e5-edc3-11ef-80e6-cef90c3fa9c0/33313039383536-wibe-video-1080/index.m3u8,271663735,False
https://wibes-03.wbbasket.ru/857c8eaf-ff3b-11ef-9589-4698dab8ed0e/35353234373033-wibe-video-852/index.m3u8,223832988,False
https://wibes-07.wbbasket.ru/fcdb69b3-deef-11ef-a7c9-c21f5b27b6ec/35343836363936-wibe-video-1080/index.m3u8,53710767,False
https://wibes-06.wbbasket.ru/1b2be07d-ff34-11ef-a43f-468c0c4794db/35353330303436-wibe-video-768/index.m3u8,308387111,False
https://wibes-05.wbbasket.ru/e61119b2-ff7b-11ef-ae6c-ae9ceb06c459/35353431373836-wibe-video-853/index.m3u8,101003032,False
https://wibes-05.wbbasket.ru/bc0a4e24-063f-11f0-a98c-5610f472a582/supplier-51641-wibe-video-1080/index.m3u8,230268126,False
https://wibes-03.wbbasket.ru/d39537d7-00ed-11f0-bb69-9e870c964771/35353637333637-wibe-video-464/index.m3u8,332866447,False
https://wibes-03.wbbasket.ru/5e936555-00d5-11f0-b444-5abf994da904/35353635333137-wibe-video-853/index.m3u8,264667200,False
https://wibes-02.wbbasket.ru/9f01a2f2-0656-11f0-853f-ae95b9114bbd/35353630363339-wibe-video-1080/index.m3u8,264819022,False
https://wibes-04.wbbasket.ru/75e5ac68-feb5-11ef-a5e8-6ea5f0389a30/35353134353834-wibe-video-853/index.m3u8,40812451,True
https://wibes-04.wbbasket.ru/4db760f1-00aa-11f0-8fe0-2e2b362d0db3/35343535353534-wibe-video-720/index.m3u8,153742478,False
https://wibes-03.wbbasket.ru/931453c6-03dc-11f0-908d-5e1bc4da39d8/35363332373838-wibe-video-853/index.m3u8,87359183,False
https://wibes-03.wbbasket.ru/2c4a6d53-01d0-11f0-aebf-ba21f2c471e9/3836393734-wibe-video-1920/index.m3u8,75456646,False
https://wibes-04.wbbasket.ru/c63104a0-ff4a-11ef-825f-9e88c83c4058/35353238363839-wibe-video-853/index.m3u8,111494090,True
https://wibes-05.wbbasket.ru/d7c890be-fdeb-4f2e-835a-408b767414fc/887189-wbkids_articles_editor-video-1080/index.m3u8,246175106,False
https://wibes-07.wbbasket.ru/e28f3858-009f-11f0-b810-a2d40a032259/32393430353334-wibe-video-852/index.m3u8,171178220,False
https://wibes-05.wbbasket.ru/4857c788-ffd9-11ef-9799-3e385ffa6709/32393830313134-wibe-video-1920/index.m3u8,263491066,False
https://wibes-07.wbbasket.ru/cb25b620-fe79-11ef-9d83-7ac0b9b9773b/35343930373632-wibe-video-1280/index.m3u8,138678102,False
https://wibes-05.wbbasket.ru/bf522343-0122-11f0-9c53-b29a98419bd7/32363133383630-wibe-video-1920/index.m3u8,326347837,True
https://wibes-02.wbbasket.ru/30b880f4-04b5-11f0-92b2-b27f46e93404/35363130313433-wibe-video-1080/index.m3u8,316943252,True
https://wibes-02.wbbasket.ru/67b9f881-ff2d-11ef-8913-aabeaf6778d9/373035383932-wibe-video-1080/index.m3u8,236623785,False
https://wibes-04.wbbasket.ru/0d080793-fffa-11ef-a864-6a02630a6ea0/35353436393533-wibe-video-852/index.m3u8,30078530,False
https://wibes-07.wbbasket.ru/7c8a1df5-0305-11f0-b456-126862b3e2ab/383735343237-wibe-video-853/index.m3u8,96383495,False
https://wibes-01.wbbasket.ru/e99d51c8-ff64-11ef-9d42-923d1b44cc01/35353237343930-wibe-video-851/index.m3u8,186732516,False
https://wibes-06.wbbasket.ru/79ef76ba-fe6b-11ef-88e2-521195b2dfcf/32343132353931-wibe-video-608/index.m3u8,292426936,True
https://wibes-02.wbbasket.ru/1c2a6bcc-ff80-11ef-90a5-b6b8daf29a7e/35343737393734-wibe-video-853/index.m3u8,271444480,False
https://wibes-01.wbbasket.ru/f0619bb1-04ea-11f0-9d10-a652b316278b/35363533303437-wibe-video-853/index.m3u8,258888327,False
https://wibes-04.wbbasket.ru/07376484-22a9-4f33-a981-4fd1ffa85c81/151135-wbkids_articles_editor-video-1080/index.m3u8,228928843,False
https://wibes-06.wbbasket.ru/83f436e0-0356-11f0-9457-46c56c96cdb5/35343836303430-wibe-video-480/index.m3u8,269128268,False
https://wibes-01.wbbasket.ru/6391db0a-f9b2-11ef-8c15-fab5f96b1e41/31313439-wibe-video-960/index.m3u8,195361638,False
https://wibes-07.wbbasket.ru/95612934-00fb-11f0-b2e0-eaeef2fbbc6f/33313930333832-wibe-video-852/index.m3u8,182716673,True
https://wibes-04.wbbasket.ru/fa9f6089-ff1a-11ef-b068-2ecfbc218600/35353231353439-wibe-video-720/index.m3u8,55267552,False
https://wibes-07.wbbasket.ru/f1cd3582-02e2-11f0-b9ca-ead455770a99/35353236383035-wibe-video-1080/index.m3u8,70492070,False
https://wibes-01.wbbasket.ru/576434e9-031f-11f0-84ef-b2ac700d584a/31313532373738-wibe-video-480/index.m3u8,170525169,False
https://wibes-07.wbbasket.ru/2ac471af-019c-11f0-a052-baa1040d8251/35353739323231-wibe-video-720/index.m3u8,170365096,False
https://wibes-01.wbbasket.ru/50aa8990-0046-11f0-822e-125368603f5a/35353538333032-wibe-video-886/index.m3u8,200407161,False
https://wibes-07.wbbasket.ru/a5b18066-f448-11ef-958f-c2b4a5ad0ef8/32323836373332-wibe-video-1920/index.m3u8,325551443,False
https://wibes-02.wbbasket.ru/18236083-224f-40fb-9ce9-a983533508f4/32373938373132-guru-video-1080/index.m3u8,243211033,False
https://wibes-03.wbbasket.ru/f90f5365-032b-11f0-84ef-b2ac700d584a/32383235393438-wibe-video-853/index.m3u8,241738764,True
https://wibes-05.wbbasket.ru/accd49bb-0164-11f0-a9e3-e20a542a5576/353831363938-wibe-video-1080/index.m3u8,320972615,False
https://wibes-02.wbbasket.ru/43fa6147-0239-11f0-9fc3-8a521151f5a9/35353834323237-wibe-video-720/index.m3u8,183094612,False
https://wibes-06.wbbasket.ru/331b1894-026f-11f0-bb15-baa94e9cdf9c/35353938343836-wibe-video-854/index.m3u8,268776304,False
https://wibes-02.wbbasket.ru/8b13f47a-035a-11f0-b9b6-8a5e224329ea/35363139353435-wibe-video-853/index.m3u8,215120152,False
https://wibes-02.wbbasket.ru/b3b122f5-0420-11f0-a660-8e48233aa84d/35353530343436-wibe-video-888/index.m3u8,255501110,True
https://wibes-06.wbbasket.ru/fff27949-feb5-11ef-9cea-ea5dc5f0a674/35353134303830-wibe-video-478/index.m3u8,176871648,False
https://wibes-01.wbbasket.ru/2d439605-6673-44c3-acf8-6385ac61dec4/361604-wbkids_articles_editor-video-1080/index.m3u8,163266350,False
https://wibes-05.wbbasket.ru/fee2236a-ea2b-11ef-bc6c-da5d9d0f416f/323737333730-wibe-video-1080/index.m3u8,74776775,False
https://wibes-01.wbbasket.ru/445468b7-0077-11f0-9700-de4e3b57c32c/35353539373438-wibe-video-720/index.m3u8,219330572,False
https://wibes-03.wbbasket.ru/f52b8a34-f414-11ef-aa36-9ae807a55d45/32323836373332-wibe-video-1920/index.m3u8,267657169,True
https://wibes-06.wbbasket.ru/ad645c40-ffcf-11ef-835a-36429cb70d3c/35353035373137-wibe-video-1080/index.m3u8,251205784,False
https://wibes-07.wbbasket.ru/7e309966-fe62-11ef-9138-22250c8955e0/35343839373731-wibe-video-1080/index.m3u8,321479478,True
https://wibes-05.wbbasket.ru/a5213bb2-ff1a-11ef-995c-d2f1ff43a67a/35353230313837-wibe-video-853/index.m3u8,165187485,False
https://wibes-07.wbbasket.ru/69c6c11a-01e8-11f0-a2b2-a2b330640b0b/35353838343038-wibe-video-852/index.m3u8,30124953,True
https://wibes-06.wbbasket.ru/66dbf7bf-008d-11f0-8e2a-2a152e7af3bb/35353630313637-wibe-video-1080/index.m3u8,263551324,False
https://wibes-03.wbbasket.ru/20317a0b-ff51-11ef-b565-22482c8907a6/35353331363731-wibe-video-852/index.m3u8,286294217,False
https://wibes-02.wbbasket.ru/1c465aaf-00ff-11f0-abbf-dad751a51a6d/35353033363134-wibe-video-1080/index.m3u8,196173413,True
https://wibes-01.wbbasket.ru/d97fa369-000a-11f0-bfe6-32b9546fc7f3/35353030323730-wibe-video-1440/index.m3u8,232642684,False
https://wibes-04.wbbasket.ru/3874aa10-04ca-11f0-a371-920d0c6c11cf/35363439373335-wibe-video-851/index.m3u8,103644051,True
https://wibes-02.wbbasket.ru/a9666a7a-ff3d-11ef-94b5-a62cccb26116/35343930333435-wibe-video-480/index.m3u8,236416899,False
https://wibes-03.wbbasket.ru/c4479f3c-3cf4-47d8-ba94-966513e9550b/366599-wbkids_articles_editor-video-1080/index.m3u8,229897742,False
https://wibes-02.wbbasket.ru/2f76498d-00b9-11f0-89e5-d60c3e5bb356/35343338313134-wibe-video-853/index.m3u8,227376800,False
https://wibes-03.wbbasket.ru/69818b8f-04a5-11f0-97ca-dedb4c1db143/31393536313133-wibe-video-720/index.m3u8,248650213,False
https://wibes-05.wbbasket.ru/f2a506de-03ce-11f0-802e-124caff8aa4a/35353135313635-wibe-video-1080/index.m3u8,168288104,False
https://wibes-06.wbbasket.ru/ed96203c-ff23-11ef-a58a-0ab073837fcd/31333632333937-wibe-video-853/index.m3u8,262223907,False
https://wibes-03.wbbasket.ru/f821f352-0158-11f0-9341-4211dad4f1bf/31323233383031-wibe-video-1080/index.m3u8,155383693,False
https://wibes-06.wbbasket.ru/5bf59124-fed1-11ef-bccb-368a70a12aad/35353030343136-wibe-video-853/index.m3u8,293529135,False
https://wibes-02.wbbasket.ru/f00b0a17-03f1-11f0-8dd5-fadb64bd153e/35363333363933-wibe-video-1080/index.m3u8,11377970,False
https://wibes-02.wbbasket.ru/8a8862ee-fec0-11ef-995c-d2f1ff43a67a/35353136393230-wibe-video-853/index.m3u8,204579033,False
https://wibes-06.wbbasket.ru/0e51fb46-e6a9-11ef-9573-bebf2b0a4193/35343836383539-wibe-video-1080/index.m3u8,142519808,True
https://wibes-02.wbbasket.ru/7f8ae46c-c142-48db-8323-206c99e19ca0/11166-wbkids_articles_editor-video-1080/index.m3u8,179979311,False
https://wibes-01.wbbasket.ru/6cd29b14-ff28-11ef-83d8-b632f7534004/35353030333035-wibe-video-1080/index.m3u8,236676305,False
https://wibes-07.wbbasket.ru/8febee89-0f5a-49ad-8b0d-831a5280c3cc/11166-wbkids_articles_editor-video-1080/index.m3u8,145790486,False
https://wibes-02.wbbasket.ru/dde200ae-01da-11f0-9c53-b29a98419bd7/35353835393039-wibe-video-1920/index.m3u8,193218229,False
https://wibes-07.wbbasket.ru/c55eac62-f370-11ef-aa5d-3e8f59333924/35343837373535-wibe-video-853/index.m3u8,95073875,False
https://wibes-05.wbbasket.ru/d341be39-8f78-41e3-b6ab-aaa8a404e730/4145789-wbkids_articles_editor-video-1080/index.m3u8,72519755,False
https://wibes-06.wbbasket.ru/243dc6b2-03bd-11f0-82a4-b63aa71d229c/35363030373034-wibe-video-720/index.m3u8,176670018,False
https://wibes-06.wbbasket.ru/9dc633b5-0015-11f0-b0bc-927aa2142b9c/31383339343337-wibe-video-853/index.m3u8,165976680,False
https://wibes-05.wbbasket.ru/38bcd07d-0593-11f0-93be-522441b7a462/35353837373836-wibe-video-720/index.m3u8,204518427,False
https://wibes-07.wbbasket.ru/9923f62e-f432-11ef-a6f6-6e7247463716/35343836313736-wibe-video-720/index.m3u8,296105492,False
https://wibes-05.wbbasket.ru/9ff05cc2-00fd-11f0-b1e9-6aa4d0d0b1d1/35353535393034-wibe-video-1080/index.m3u8,218990763,False
https://wibes-05.wbbasket.ru/feaba579-ff4c-11ef-b156-06f86a33aeaa/31343935393930-wibe-video-1080/index.m3u8,263360707,False
https://wibes-05.wbbasket.ru/33008ee1-017c-11f0-bb15-baa94e9cdf9c/35353439313535-wibe-video-1920/index.m3u8,31950565,False
https://wibes-06.wbbasket.ru/8c668e8d-ff40-11ef-80be-0ea13985011b/35343832313036-wibe-video-1080/index.m3u8,195943653,False
https://wibes-04.wbbasket.ru/d1ca6616-e49b-11ef-b300-22d64e66db62/343739383839-wibe-video-1080/index.m3u8,169282684,False
https://wibes-02.wbbasket.ru/e50ca18f-feef-11ef-b6dc-1a6f171b79c6/32343634383537-wibe-video-850/index.m3u8,253992420,False
https://wibes-04.wbbasket.ru/e6d36961-01d8-11f0-98a7-e28930524065/35353530363338-wibe-video-1920/index.m3u8,173345057,False
https://wibes-02.wbbasket.ru/72914436-57e9-424a-af74-ce7d1a864f18/266569-wbkids_articles_editor-video-1080/index.m3u8,279163881,False
https://wibes-06.wbbasket.ru/9bb45281-0254-11f0-871f-fe978e99aecf/35343837393137-wibe-video-1080/index.m3u8,274442636,False
https://wibes-04.wbbasket.ru/d8daeb04-ff10-11ef-96d5-a6bb3743b5f2/35343833363039-wibe-video-853/index.m3u8,232837334,False
https://wibes-02.wbbasket.ru/7e82bb12-00fd-11f0-84ef-b2ac700d584a/35353536393233-wibe-video-852/index.m3u8,229801651,False
https://wibes-06.wbbasket.ru/23782d47-fe64-11ef-8952-a27db8742dbc/32333836303035-wibe-video-720/index.m3u8,245519409,False
https://wibes-06.wbbasket.ru/5451102c-fefd-11ef-9fc1-d2088eaacbcc/31393037303237-wibe-video-720/index.m3u8,241007638,True
https://wibes-01.wbbasket.ru/c137f776-ffee-11ef-a13b-a6d6cd3017f2/32343235363432-wibe-video-853/index.m3u8,296000476,True
https://wibes-06.wbbasket.ru/89f4c2ee-ff32-11ef-b418-5e8874d51c6b/35353238353236-wibe-video-1080/index.m3u8,218455658,False
https://wibes-07.wbbasket.ru/2c0e6609-ff64-11ef-babd-4a9ce17b2de7/32383938393339-wibe-video-720/index.m3u8,139800912,False
https://wibes-01.wbbasket.ru/1b271682-0025-11f0-82cd-d2c7fd0acdb2/35353031303130-wibe-video-1080/index.m3u8,310242815,True
https://wibes-06.wbbasket.ru/8f4560a3-ff52-11ef-8ed5-6623aa30fda9/323736323133-wibe-video-853/index.m3u8,242026216,True
https://wibes-05.wbbasket.ru/154f29a4-ffc8-11ef-8591-66f871fc9a6f/35343938363339-wibe-video-720/index.m3u8,324545611,True
https://wibes-01.wbbasket.ru/284a21cb-fe71-11ef-80c3-06ff3415322b/31303436393632-wibe-video-1080/index.m3u8,308142794,True
https://wibes-05.wbbasket.ru/d24e495b-ff4a-11ef-96d5-a6bb3743b5f2/35353238363839-wibe-video-853/index.m3u8,45373260,True
https://wibes-05.wbbasket.ru/582798c1-fed0-11ef-90a5-b6b8daf29a7e/35353030343136-wibe-video-852/index.m3u8,261560808,False
https://wibes-01.wbbasket.ru/4a5195da-0359-11f0-8627-ba328fa2e6be/35363139373539-wibe-video-1080/index.m3u8,355654069,True
https://wibes-07.wbbasket.ru/dd9c9f29-dfd5-11ef-9046-f65cc028d6ba/35343836333232-wibe-video-1080/index.m3u8,107390225,False
https://wibes-07.wbbasket.ru/5cc614f5-04ba-11f0-92e1-661cdc8541f6/35363438363335-wibe-video-852/index.m3u8,247931545,True
https://wibes-06.wbbasket.ru/81633911-0237-11f0-9763-56d261be8c37/35353338373937-wibe-video-856/index.m3u8,169017408,False
https://wibes-05.wbbasket.ru/ea648476-0126-11f0-98a7-e28930524065/35353733323934-wibe-video-852/index.m3u8,162887936,True
https://wibes-02.wbbasket.ru/adb049a0-0573-11f0-806b-6eac65bc04d3/35363539373230-wibe-video-1080/index.m3u8,329087445,True
https://wibes-06.wbbasket.ru/067b28f5-0622-11f0-915a-6abc29c6cbe7/35353239353236-wibe-video-720/index.m3u8,334468865,True
https://wibes-07.wbbasket.ru/f95d376a-0560-11f0-b076-1e81a3230e68/33313336393830-wibe-video-1920/index.m3u8,282483423,False
https://wibes-04.wbbasket.ru/1ac4ce9d-0167-11f0-98a7-e28930524065/32393830313134-wibe-video-1920/index.m3u8,152672385,False
https://wibes-07.wbbasket.ru/ad89ee6b-fff6-11ef-b810-a2d40a032259/33333638393531-wibe-video-852/index.m3u8,84588052,False
https://wibes-06.wbbasket.ru/5762c2b5-0065-11f0-90c4-ba76d80fd768/35353539363438-wibe-video-853/index.m3u8,264650260,False
https://wibes-06.wbbasket.ru/1fe56906-ff38-11ef-b0fc-eacafb71bc45/35353130303339-wibe-video-1080/index.m3u8,265136501,False
https://wibes-07.wbbasket.ru/bfda415d-027e-11f0-aebf-ba21f2c471e9/32323837333038-wibe-video-846/index.m3u8,208936218,False
https://wibes-04.wbbasket.ru/e6281309-ff3b-11ef-a9ac-06b4eb569773/333532363137-wibe-video-360/index.m3u8,256272149,False
https://wibes-03.wbbasket.ru/e92d793e-ff30-11ef-b872-3629e80bcb62/35343936383033-wibe-video-1072/index.m3u8,163573399,False
https://wibes-06.wbbasket.ru/d7bc3d73-e49f-11ef-b88b-8a0bc15a0e29/343739383839-wibe-video-1080/index.m3u8,98724703,False
https://wibes-06.wbbasket.ru/bf020113-0421-11f0-81fc-1a994f1438d9/35353639363138-wibe-video-1080/index.m3u8,188139052,False
https://wibes-05.wbbasket.ru/af677b32-fe5f-11ef-bb73-92fc9e83d22c/35343839393533-wibe-video-720/index.m3u8,143107112,False
https://wibes-03.wbbasket.ru/ac844329-03a5-11f0-8818-3ac28e8805f4/35363037353237-wibe-video-720/index.m3u8,162706162,True
https://wibes-06.wbbasket.ru/081e2291-d9d2-4b61-8d7d-587be06fce85/guru-video-1080/index.m3u8,329561814,False
https://wibes-01.wbbasket.ru/28028096-ff0d-11ef-bccb-368a70a12aad/333037373135-wibe-video-853/index.m3u8,263819105,True
https://wibes-03.wbbasket.ru/adae23c9-e4aa-11ef-8343-06e0f532addf/343739383839-wibe-video-1080/index.m3u8,257333847,False
https://wibes-01.wbbasket.ru/e7719792-0280-11f0-b2e0-eaeef2fbbc6f/35353634313633-wibe-video-853/index.m3u8,81510549,True
https://wibes-04.wbbasket.ru/d479c23b-fe7a-11ef-8bd3-ba22b5143e22/35343939343339-wibe-video-1080/index.m3u8,311556837,False
https://wibes-07.wbbasket.ru/879661ec-e9fe-11ef-b92a-8a2b2a24583e/35343837313337-wibe-video-1080/index.m3u8,278902376,False
https://wibes-06.wbbasket.ru/0614e834-062e-11f0-9f83-8e8b6926855b/35343838313936-wibe-video-1080/index.m3u8,232728220,False
https://wibes-03.wbbasket.ru/a5a4492b-fe9c-11ef-9628-9ef232bd1548/35353037393234-wibe-video-1078/index.m3u8,193247988,False
https://wibes-03.wbbasket.ru/f090b079-f42d-4291-a340-847ad6b5c1e8/307004-wbkids_articles_editor-video-1080/index.m3u8,327294639,False
https://wibes-01.wbbasket.ru/b304f0fc-0033-11f0-90c4-ba76d80fd768/323239373239-wibe-video-1920/index.m3u8,260098589,False
https://wibes-05.wbbasket.ru/9b5401de-ed47-11ef-a0a3-8a65e354ab8b/32313632323039-wibe-video-1080/index.m3u8,120181001,True
https://wibes-03.wbbasket.ru/47beeb78-ff2c-11ef-8264-4671a65dc5b0/35333434333930-wibe-video-720/index.m3u8,203661747,True
https://wibes-07.wbbasket.ru/7cd38025-04dc-11f0-b81e-969f78d14a29/35363530383939-wibe-video-720/index.m3u8,209903067,False
https://wibes-03.wbbasket.ru/05804013-ff4b-11ef-88ed-460e0eec9d31/35353137363736-wibe-video-854/index.m3u8,209803123,False
https://wibes-03.wbbasket.ru/d34c094a-ff80-11ef-bf22-9a340fda2819/35333434353737-wibe-video-1080/index.m3u8,229686727,True
https://wibes-03.wbbasket.ru/6d13c83a-ff4a-11ef-bccb-368a70a12aad/35353238363839-wibe-video-853/index.m3u8,213944206,False
https://wibes-07.wbbasket.ru/ca7bdff7-0099-11f0-9799-3e385ffa6709/35353630333938-wibe-video-1920/index.m3u8,7312826,True
https://wibes-06.wbbasket.ru/c91d7afa-0036-11f0-a1ac-5a84a2951e34/35353530303431-wibe-video-1080/index.m3u8,224015532,True
https://wibes-01.wbbasket.ru/cfc7fd4d-3a82-4962-8c1b-7653abd03ea2/33333830363436-guru-video-1080/index.m3u8,8643466,False
https://wibes-03.wbbasket.ru/f821f352-0158-11f0-9341-4211dad4f1bf/31323233383031-wibe-video-1080/index.m3u8,235082555,False
https://wibes-02.wbbasket.ru/8978409f-00eb-11f0-9c6c-4e03c830c877/33303332363530-wibe-video-853/index.m3u8,248280805,True
https://wibes-04.wbbasket.ru/0d080793-fffa-11ef-a864-6a02630a6ea0/35353436393533-wibe-video-852/index.m3u8,198518672,False
https://wibes-05.wbbasket.ru/28eca16b-ff86-11ef-a91e-aec03e219bab/35353334313136-wibe-video-852/index.m3u8,274452844,False
https://wibes-04.wbbasket.ru/aa550adf-0180-11f0-b456-126862b3e2ab/35343933383730-wibe-video-1280/index.m3u8,328290642,True
https://wibes-07.wbbasket.ru/66f44d12-ffe2-11ef-9482-a2f63b22229f/35353436363234-wibe-video-720/index.m3u8,244849109,True
https://wibes-04.wbbasket.ru/7ca3d39c-02df-11f0-a5ef-5682eb0497bb/35363035323837-wibe-video-1080/index.m3u8,329805206,False
https://wibes-03.wbbasket.ru/5806a0c2-0043-11f0-a0ae-eea6100abea2/35353537313330-wibe-video-853/index.m3u8,133558456,False
https://wibes-01.wbbasket.ru/f6ae73e2-03fe-11f0-bf83-ba6a5cf5ea5d/35363337303131-wibe-video-720/index.m3u8,168887148,False
https://wibes-02.wbbasket.ru/56a53502-037e-11f0-92b3-aa858e147e44/35353238343530-wibe-video-720/index.m3u8,256259819,False
https://wibes-04.wbbasket.ru/71a51a48-ffcc-11ef-b6d3-7e036319f3c5/35353435323235-wibe-video-853/index.m3u8,150227992,True
https://wibes-07.wbbasket.ru/fa8c4e8c-03eb-11f0-9c6c-4e03c830c877/35363334393336-wibe-video-853/index.m3u8,260175211,False
https://wibes-05.wbbasket.ru/6562dd14-fe86-11ef-84e3-82bc3719fa1c/31383433393036-wibe-video-720/index.m3u8,159194973,False
https://wibes-06.wbbasket.ru/6aa3afe3-28b7-464e-bc25-0ba8b7556621/guide-video-1080/index.m3u8,152241006,False
https://wibes-02.wbbasket.ru/4735f03a-03ed-11f0-b9b6-8a5e224329ea/35363333333132-wibe-video-852/index.m3u8,104211675,False
https://wibes-06.wbbasket.ru/870211bf-eacc-11ef-951a-8abc0ca4efc7/35343837383330-wibe-video-1080/index.m3u8,258135915,False
https://wibes-03.wbbasket.ru/3d55756b-07ad-11f0-9fc0-bad0bc096d0e/33303939363630-wibe-video-480/index.m3u8,208650409,False
https://wibes-05.wbbasket.ru/363ff8e2-fe96-11ef-a433-9ec63ec0ea9e/35343932363431-wibe-video-1080/index.m3u8,113373889,False
https://wibes-03.wbbasket.ru/13cc7d56-dd63-11ef-b940-529959f97663/35343836333232-wibe-video-1080/index.m3u8,136700418,False
https://wibes-04.wbbasket.ru/6e8f4b54-01ce-11f0-bb15-baa94e9cdf9c/35343932393539-wibe-video-1920/index.m3u8,6230570,False
https://wibes-07.wbbasket.ru/c200391b-018b-11f0-908d-5e1bc4da39d8/35353536313937-wibe-video-1920/index.m3u8,274143380,False
https://wibes-01.wbbasket.ru/72bb2625-ef80-11ef-8e7f-3275252e9a58/31393531323338-wibe-video-1080/index.m3u8,186936577,False
https://wibes-03.wbbasket.ru/d2f9ee2a-00de-11f0-bb15-baa94e9cdf9c/35353432323538-wibe-video-853/index.m3u8,181912114,False
https://wibes-04.wbbasket.ru/25e5ebd1-ffd0-11ef-ab03-ce2a2b3059a1/35343934323539-wibe-video-1080/index.m3u8,293979420,True
https://wibes-05.wbbasket.ru/bc0a4e24-063f-11f0-a98c-5610f472a582/supplier-51641-wibe-video-1080/index.m3u8,282084737,True
https://wibes-06.wbbasket.ru/6f0c9f55-fe98-11ef-a433-9ec63ec0ea9e/32323338303034-wibe-video-1080/index.m3u8,149422917,False
https://wibes-01.wbbasket.ru/923f40ac-03fe-11f0-8016-92651a4952f3/35343432333030-wibe-video-1080/index.m3u8,152410960,False
https://wibes-03.wbbasket.ru/e2971d4c-00d8-11f0-a893-6a92ed1b4c59/35353632393939-wibe-video-960/index.m3u8,273627216,False
https://wibes-07.wbbasket.ru/6e5689c4-003b-11f0-b2b5-ba5be5764504/35353537313330-wibe-video-853/index.m3u8,222172338,False
https://wibes-04.wbbasket.ru/1df84396-034f-11f0-a3c2-f27c6fa62c01/35343937343333-wibe-video-624/index.m3u8,274442636,False
https://wibes-02.wbbasket.ru/6b6dbf32-0294-11f0-b2e0-eaeef2fbbc6f/35363031373737-wibe-video-853/index.m3u8,164608675,False
https://wibes-07.wbbasket.ru/a20226f4-e573-11ef-b272-66d9c1201d18/35343836313735-wibe-video-1080/index.m3u8,302644668,False
https://wibes-01.wbbasket.ru/cfc7fd4d-3a82-4962-8c1b-7653abd03ea2/33333830363436-guru-video-1080/index.m3u8,23372533,False
https://wibes-02.wbbasket.ru/a64389e1-055a-11f0-8ec5-16c11ed06b9b/35353133383436-wibe-video-1280/index.m3u8,314862774,False
https://wibes-07.wbbasket.ru/0b3fe136-fe86-11ef-976b-d276474c630e/35343937373237-wibe-video-1080/index.m3u8,300545913,False
https://wibes-01.wbbasket.ru/969ebe4d-fead-11ef-b092-fa76bc2ea537/33323539333239-wibe-video-576/index.m3u8,238315614,False
https://wibes-07.wbbasket.ru/e32d8821-018a-11f0-9763-56d261be8c37/35353736363837-wibe-video-853/index.m3u8,229315751,False
https://wibes-05.wbbasket.ru/d341be39-8f78-41e3-b6ab-aaa8a404e730/4145789-wbkids_articles_editor-video-1080/index.m3u8,262940092,False
https://wibes-07.wbbasket.ru/1293bbe3-b673-40a6-b518-bac962b8d967/703432-wbkids_articles_editor-video-1080/index.m3u8,238503646,False
https://wibes-05.wbbasket.ru/5efc2db4-ff15-11ef-ba08-f6495d55d753/35343939383436-wibe-video-1125/index.m3u8,333445914,True
https://wibes-07.wbbasket.ru/fa354fe1-0011-11f0-926a-a247c64547dd/35353439323532-wibe-video-853/index.m3u8,168642343,True
https://wibes-03.wbbasket.ru/3cad101f-82c8-41e9-acd6-f456a8c589b7/631559-wbkids_articles_editor-video-1080/index.m3u8,47472262,False
https://wibes-06.wbbasket.ru/fff27949-feb5-11ef-9cea-ea5dc5f0a674/35353134303830-wibe-video-478/index.m3u8,329066972,True
https://wibes-04.wbbasket.ru/85e43ae7-ff37-11ef-9f3d-52075b7138bc/35353239383533-wibe-video-720/index.m3u8,270077185,False
https://wibes-02.wbbasket.ru/2e46fd04-00e6-11f0-9fbd-ca2459ea4492/35353435323539-wibe-video-1125/index.m3u8,277950055,False
https://wibes-03.wbbasket.ru/a4ccbb01-fff5-11ef-801d-fe78801d0348/35353439373837-wibe-video-1080/index.m3u8,111343715,False
https://wibes-01.wbbasket.ru/04078e94-f7cb-11ef-aa5b-3a2433e5fa40/35343837373637-wibe-video-1080/index.m3u8,201176254,False
https://wibes-04.wbbasket.ru/889fc14f-00a2-11f0-91db-de6942d6d369/35353032343035-wibe-video-720/index.m3u8,302428261,False
https://wibes-06.wbbasket.ru/b494d550-f790-11ef-84bd-b2c23d1c94d3/35343838323430-wibe-video-1080/index.m3u8,163010758,False
https://wibes-05.wbbasket.ru/cd310b54-fe7a-11ef-9bed-329e0d2dd4c8/35343831383138-wibe-video-1080/index.m3u8,265882970,False
https://wibes-07.wbbasket.ru/44417768-ff16-11ef-b068-2ecfbc218600/35333033343735-wibe-video-1080/index.m3u8,178022308,False
https://wibes-06.wbbasket.ru/ef064bbf-0185-11f0-93a1-6ac77fd80f6a/35353533373537-wibe-video-1920/index.m3u8,251070218,False
https://wibes-01.wbbasket.ru/619ef475-f4d6-11ef-88e6-ca575886b578/11166-wbkids_articles_editor-video-0/index.m3u8,317980365,True
https://wibes-05.wbbasket.ru/1e169b88-ff49-11ef-8ed5-6623aa30fda9/35353231383537-wibe-video-853/index.m3u8,159909314,True
https://wibes-01.wbbasket.ru/2eda8990-f050-11ef-b69d-aa2b21d79db6/35343837333830-wibe-video-606/index.m3u8,183670450,False
https://wibes-07.wbbasket.ru/0ac0860b-ff41-11ef-9e83-7ebe7c86c7cb/33303337343835-wibe-video-1080/index.m3u8,172971824,False
https://wibes-07.wbbasket.ru/a5f6624d-fe81-11ef-8870-3ad0069783e1/35353030343634-wibe-video-720/index.m3u8,175101893,False
https://wibes-04.wbbasket.ru/a848467b-00e3-11f0-9c53-b29a98419bd7/35353636333531-wibe-video-853/index.m3u8,268776304,False
https://wibes-01.wbbasket.ru/8f3586e4-ff3b-11ef-8205-9e1bb54f1330/323335363738-wibe-video-900/index.m3u8,228286567,False
https://wibes-03.wbbasket.ru/b0b848dd-05ca-11f0-b009-9220d10ae7e6/35353432323538-wibe-video-1080/index.m3u8,211600829,True
https://wibes-04.wbbasket.ru/44ff0da9-e3c7-11ef-8abf-165f696456bd/33303837363938-wibe-video-1080/index.m3u8,47585180,True
https://wibes-07.wbbasket.ru/7585ea89-067e-11f0-80f7-ca42ff5002fd/35363037353730-wibe-video-1080/index.m3u8,301297638,True
https://wibes-06.wbbasket.ru/1309520f-03c8-11f0-b5a3-92fbfe657c28/34383839303431-wibe-video-1080/index.m3u8,262347908,False
https://wibes-02.wbbasket.ru/7adc01dd-8b84-46d5-99b1-5757d7f19070/32323837393333-guru-video-1080/index.m3u8,234725550,False
https://wibes-05.wbbasket.ru/4857c788-ffd9-11ef-9799-3e385ffa6709/32393830313134-wibe-video-1920/index.m3u8,244141399,False
https://wibes-01.wbbasket.ru/9cd5f28e-ffdc-11ef-979e-fa4b988f3306/35353033343332-wibe-video-720/index.m3u8,181362131,True
https://wibes-01.wbbasket.ru/05a60377-950b-42dc-8550-d4ed8a20c48d/guide-video-1080/index.m3u8,116541814,True
https://wibes-01.wbbasket.ru/fadb07a6-000c-11f0-a222-1e0689ece429/35353530323837-wibe-video-853/index.m3u8,364776657,False
https://wibes-05.wbbasket.ru/91dcd3c9-04d8-11f0-8487-fa9dd4e22db6/35363338323636-wibe-video-853/index.m3u8,169138977,False
https://wibes-05.wbbasket.ru/f2a413f2-0368-11f0-b858-7a768b6c9c53/35353233393135-wibe-video-720/index.m3u8,140325124,False
https://wibes-01.wbbasket.ru/512e0007-001d-11f0-b348-2a871039f555/35353033333032-wibe-video-853/index.m3u8,145521762,False
https://wibes-07.wbbasket.ru/2a16499f-ff4f-11ef-9abf-f290fd799571/323534343732-wibe-video-1080/index.m3u8,258990873,False
https://wibes-04.wbbasket.ru/a5ea7e83-040c-11f0-990b-267f04949202/35353336323831-wibe-video-720/index.m3u8,231517620,False
https://wibes-02.wbbasket.ru/6a05cfbe-fe88-11ef-ac95-8acadfbea7f3/33313031383736-wibe-video-960/index.m3u8,176450578,True
https://wibes-02.wbbasket.ru/e64e1833-fee7-11ef-90a5-b6b8daf29a7e/363332343932-wibe-video-1920/index.m3u8,13760065,False
https://wibes-04.wbbasket.ru/54807950-015f-11f0-8de2-c6cbfec221ce/35353334343934-wibe-video-720/index.m3u8,306029207,False
https://wibes-06.wbbasket.ru/25ae4daf-0026-11f0-9a0a-a2561abff110/35353437373635-wibe-video-576/index.m3u8,258320447,False
https://wibes-02.wbbasket.ru/41c83c08-029f-11f0-bf83-ba6a5cf5ea5d/35353937353135-wibe-video-1440/index.m3u8,111930447,False
https://wibes-04.wbbasket.ru/981e22fd-e579-11ef-92c9-e2e8117bde41/35343836373133-wibe-video-1080/index.m3u8,88984323,True
https://wibes-07.wbbasket.ru/891622d7-2fbf-4a47-9064-5d7d6ea0a5f9/32343837393837-guru-video-1080/index.m3u8,176267690,False
https://wibes-01.wbbasket.ru/cb1eae81-0354-11f0-b2e0-eaeef2fbbc6f/35363138353730-wibe-video-852/index.m3u8,262035169,False
https://wibes-01.wbbasket.ru/4341bb86-04c9-11f0-92dc-8eda314a44ea/35363439373335-wibe-video-853/index.m3u8,211305107,True
https://wibes-01.wbbasket.ru/751039ae-5fc3-43a5-be14-e431cf350ed2/35343037313830-guru-video-1080/index.m3u8,173345057,True
https://wibes-01.wbbasket.ru/6f110105-059b-11f0-9813-e21e7cdf2334/313930363433-wibe-video-853/index.m3u8,135795542,False
https://wibes-03.wbbasket.ru/a724c256-0106-11f0-aff0-ca914550bbaa/35353430333131-wibe-video-853/index.m3u8,312962648,False
https://wibes-04.wbbasket.ru/8ab4dae7-fe73-11ef-a08f-bed7e63fb60c/393936383134-wibe-video-1080/index.m3u8,327346693,True
https://wibes-02.wbbasket.ru/d697e319-ff2d-11ef-85b7-aec3799c8825/35353238343634-wibe-video-1125/index.m3u8,139698183,False
https://wibes-06.wbbasket.ru/623b976e-ff57-11ef-b08c-aa589c82e313/33323433313831-wibe-video-853/index.m3u8,192746994,False
https://wibes-03.wbbasket.ru/44c9abe8-fe96-11ef-abae-b62998e4dbc6/35353032303137-wibe-video-720/index.m3u8,229770996,False
https://wibes-07.wbbasket.ru/8fcd1431-fe9e-11ef-a5eb-5678fc04c826/35353039393739-wibe-video-1080/index.m3u8,225944897,False
https://wibes-01.wbbasket.ru/ed884380-fe78-11ef-9a13-926ee0a3e8c0/35343938383339-wibe-video-720/index.m3u8,309668691,True
https://wibes-07.wbbasket.ru/2bb1fd46-058e-11f0-bed2-e6451c298353/35343938383533-wibe-video-1125/index.m3u8,223252938,False
https://wibes-02.wbbasket.ru/e6b2cbb7-019b-11f0-908d-5e1bc4da39d8/35353737363538-wibe-video-852/index.m3u8,173266675,False
https://wibes-05.wbbasket.ru/8437b223-065f-11f0-b5d6-72f1458b31a7/33383432393634-wibe-video-853/index.m3u8,275026102,False
https://wibes-05.wbbasket.ru/aa914d92-018c-4084-91d6-08a08cc8a587/4145789-wbkids_articles_editor-video-1080/index.m3u8,320459677,False
https://wibes-07.wbbasket.ru/280c99fe-018e-11f0-b50f-1e3d095f9d61/35353033303831-wibe-video-853/index.m3u8,246338728,False
https://wibes-05.wbbasket.ru/0be01caa-0174-11f0-a5ef-5682eb0497bb/35353735323533-wibe-video-720/index.m3u8,227435114,True
https://wibes-05.wbbasket.ru/8b767682-0012-11f0-8349-f6f72d14a2f8/35353530363830-wibe-video-852/index.m3u8,78813926,False
https://wibes-03.wbbasket.ru/f877d133-fe5f-11ef-9af3-962be414941f/353537373933-wibe-video-720/index.m3u8,306029207,False
https://wibes-07.wbbasket.ru/34343697-ff32-11ef-b8e5-fe10359bcfda/32393535343533-wibe-video-720/index.m3u8,3478733,False
https://wibes-02.wbbasket.ru/b40dd695-eb74-420e-b0bb-ebb8614d65ec/33383931303139-guru-video-1080/index.m3u8,211600829,True
https://wibes-01.wbbasket.ru/2f64cfee-fef4-11ef-ae6c-ae9ceb06c459/35353037373939-wibe-video-853/index.m3u8,271180475,False
https://wibes-05.wbbasket.ru/f62b9d6a-69bb-4c61-83c4-0be4be846908/4091041-wbkids_articles_editor-video-1080/index.m3u8,207501231,False
https://wibes-03.wbbasket.ru/f2272088-0000-11f0-b21d-8a3d39f03998/35353531303834-wibe-video-720/index.m3u8,26905456,False
https://wibes-07.wbbasket.ru/b6360fce-028b-11f0-9763-56d261be8c37/35363030373634-wibe-video-853/index.m3u8,224814506,False
https://wibes-01.wbbasket.ru/b9e584ac-9a77-4862-8dc7-d039c6ff498d/87265-guru-video-1080/index.m3u8,94610908,True
https://wibes-02.wbbasket.ru/5cadea09-049a-11f0-9809-1ac8c67b85e3/35343935363032-wibe-video-1078/index.m3u8,313703754,True
https://wibes-07.wbbasket.ru/b4ae78e4-fef2-11ef-be6e-ae264e7f3611/34353231373031-wibe-video-1080/index.m3u8,325803288,True
https://wibes-06.wbbasket.ru/b20b2cfc-0314-11f0-aff0-ca914550bbaa/35363039323032-wibe-video-853/index.m3u8,320566239,False
https://wibes-03.wbbasket.ru/fe61fddf-0273-11f0-8818-3ac28e8805f4/31303538303839-wibe-video-1080/index.m3u8,320893946,True
https://wibes-05.wbbasket.ru/397fb6d8-00cf-11f0-aafd-6a421de8824f/35353634343332-wibe-video-853/index.m3u8,258962125,False
https://wibes-01.wbbasket.ru/aa7e0c91-ff70-11ef-8edd-42bad6f4a59d/383734363031-wibe-video-720/index.m3u8,84030535,False
https://wibes-05.wbbasket.ru/1fd3d9f2-feb7-11ef-8ed5-6623aa30fda9/35353134353834-wibe-video-960/index.m3u8,79576331,False
https://wibes-03.wbbasket.ru/bcecd792-ff48-11ef-8af2-b61ccf2d77c5/32353039313836-wibe-video-854/index.m3u8,214443399,False
https://wibes-07.wbbasket.ru/d58750c9-0043-11f0-9338-d6cab4772646/35353537343938-wibe-video-853/index.m3u8,152087679,True
https://wibes-04.wbbasket.ru/057c9089-04c4-11f0-b54f-8ea106215854/35353031383732-wibe-video-853/index.m3u8,174337232,False
https://wibes-01.wbbasket.ru/39a016fc-02eb-11f0-ac15-eed9d2cdac49/393630393233-wibe-video-720/index.m3u8,340744348,True
https://wibes-04.wbbasket.ru/9068135d-0007-11f0-a6ce-ae5846b52679/35343839363239-wibe-video-1080/index.m3u8,225898470,False
https://wibes-01.wbbasket.ru/c679229c-00e7-11f0-9763-56d261be8c37/35353636333531-wibe-video-853/index.m3u8,177339322,True
https://wibes-05.wbbasket.ru/12feaef7-ffe9-11ef-b199-d220e073928d/35353438323335-wibe-video-1080/index.m3u8,322456787,False
https://wibes-04.wbbasket.ru/0d080793-fffa-11ef-a864-6a02630a6ea0/35353436393533-wibe-video-852/index.m3u8,286342092,True
https://wibes-04.wbbasket.ru/baa78709-0508-11f0-bfbc-6e749926a66a/35353531373038-wibe-video-720/index.m3u8,267100205,False
https://wibes-03.wbbasket.ru/6512b933-0336-11f0-9fee-b2a7a78f1e26/393432343232-wibe-video-1080/index.m3u8,200331655,False
https://wibes-01.wbbasket.ru/be5b0524-00f8-11f0-a2b2-a2b330640b0b/35353439343433-wibe-video-852/index.m3u8,319097299,True
https://wibes-06.wbbasket.ru/63ca22e9-01ea-11f0-908d-5e1bc4da39d8/35353837313935-wibe-video-852/index.m3u8,275673983,False
https://wibes-03.wbbasket.ru/009aab1f-feaa-11ef-b407-06d0689530a1/35343933373437-wibe-video-464/index.m3u8,237392096,False
https://wibes-06.wbbasket.ru/4e70110f-4131-44bf-9725-d5d3e667fdce/guru-video-1080/index.m3u8,193967360,False
https://wibes-02.wbbasket.ru/ed1b1dc1-ff8b-11ef-8407-6e8c8b775322/35353334313136-wibe-video-853/index.m3u8,45373260,True
https://wibes-06.wbbasket.ru/2900193e-ff61-11ef-9d0a-825581056aac/35343836343538-wibe-video-1080/index.m3u8,335645663,True
https://wibes-06.wbbasket.ru/197f5f41-0199-11f0-9d96-ca2e0ed8893d/35343533313037-wibe-video-1080/index.m3u8,291683975,True
https://wibes-02.wbbasket.ru/55ecbf06-ff22-11ef-bccb-368a70a12aad/35353235363537-wibe-video-1920/index.m3u8,65714204,False
https://wibes-03.wbbasket.ru/154cb17b-0704-11f0-85bf-0e164a12f553/31333138363239-wibe-video-1080/index.m3u8,304507627,True
https://wibes-07.wbbasket.ru/70f63837-0300-11f0-908d-5e1bc4da39d8/35333032373938-wibe-video-853/index.m3u8,256456159,False
https://wibes-04.wbbasket.ru/8dc1de20-402a-4831-be2c-6121684d54b7/1397963-wbkids_articles_editor-video-1080/index.m3u8,220826006,False
https://wibes-06.wbbasket.ru/c61ccd4d-ff4f-11ef-9589-4698dab8ed0e/35343930383231-wibe-video-852/index.m3u8,251469321,False
https://wibes-05.wbbasket.ru/27bfae16-ffef-11ef-a1ef-da53fe71781b/31333635373232-wibe-video-1080/index.m3u8,329612294,True
https://wibes-01.wbbasket.ru/d38030cd-0658-11f0-b0da-1a2f98aff455/35343836363033-wibe-video-720/index.m3u8,289223195,True
https://wibes-04.wbbasket.ru/3f1cd23f-02ec-11f0-a0b0-2abdad8e3086/35353434333633-wibe-video-1080/index.m3u8,260081310,False
https://wibes-05.wbbasket.ru/57d8f33b-00b8-11f0-ac4c-e2179674dadf/33323634363235-wibe-video-1080/index.m3u8,227570751,False
https://wibes-01.wbbasket.ru/07bad665-ff1d-11ef-a5e8-6ea5f0389a30/35353230313837-wibe-video-853/index.m3u8,248716437,False
https://wibes-03.wbbasket.ru/4f9439fd-c8dd-4784-9f7d-a8f9f967105a/31393439373233-wibe-video-1080/index.m3u8,226672972,False
https://wibes-06.wbbasket.ru/eddbabcc-02b7-11f0-9763-56d261be8c37/32363230303331-wibe-video-1920/index.m3u8,189531482,False
https://wibes-07.wbbasket.ru/6807523a-04c1-11f0-bb2e-822fc7af082e/35343538323833-wibe-video-1080/index.m3u8,218870000,False
https://wibes-05.wbbasket.ru/7d4f7e64-0414-11f0-8dc6-960ca6d24609/32383633383830-wibe-video-464/index.m3u8,149923808,False
https://wibes-05.wbbasket.ru/0c61d550-aec0-4b31-91ac-f0c64ddd7d07/guru-video-1080/index.m3u8,16044524,False
https://wibes-03.wbbasket.ru/d322b6f3-008f-11f0-aeb6-a63d1273ccf8/35353630323633-wibe-video-853/index.m3u8,251890503,False
https://wibes-07.wbbasket.ru/930df39a-fedf-11ef-88ed-460e0eec9d31/35353033303033-wibe-video-854/index.m3u8,221908151,True
https://wibes-03.wbbasket.ru/a1b68e5b-9c3b-4211-ba8e-d57ff86b0779/363331393639-guru-video-1080/index.m3u8,73789165,True
https://wibes-06.wbbasket.ru/236892ea-03d7-11f0-b456-126862b3e2ab/35363332303430-wibe-video-1920/index.m3u8,61185553,False
https://wibes-04.wbbasket.ru/787b8c66-000d-11f0-b810-a2d40a032259/35353530323837-wibe-video-853/index.m3u8,277200316,False
https://wibes-02.wbbasket.ru/27392a61-5892-4d5b-b900-d49196a29a08/1270946-wbkids_articles_editor-video-1080/index.m3u8,204934599,False
https://wibes-07.wbbasket.ru/29a0e34a-ff06-11ef-8e54-3ec8032a4d0a/35353133333735-wibe-video-640/index.m3u8,261788201,False
https://wibes-01.wbbasket.ru/e16c2f35-e97e-4cb0-ba8d-b969642bbf82/33383938393331-guru-video-1080/index.m3u8,197846613,False
https://wibes-01.wbbasket.ru/b062e603-ff15-11ef-be57-5e4ca01f84c3/35343939383436-wibe-video-1125/index.m3u8,271744333,False
https://wibes-05.wbbasket.ru/9ff05cc2-00fd-11f0-b1e9-6aa4d0d0b1d1/35353535393034-wibe-video-1080/index.m3u8,322342307,False
https://wibes-06.wbbasket.ru/d1c5cf07-0016-11f0-ae7c-7674447a9cd1/35353533343635-wibe-video-720/index.m3u8,230268126,False
https://wibes-06.wbbasket.ru/754465b9-056f-11f0-b530-6e8e3954815a/35343938353135-wibe-video-1920/index.m3u8,93264129,False
https://wibes-07.wbbasket.ru/292e1977-0000-11f0-b8b4-ce832c08c98d/35343837373635-wibe-video-1080/index.m3u8,177661404,False
https://wibes-01.wbbasket.ru/149e9198-ff09-11ef-9e27-fab3f26b6d92/33393332383937-wibe-video-1080/index.m3u8,257831142,True
https://wibes-05.wbbasket.ru/892d3742-eb94-11ef-91a0-3ac8e63663bf/35343837383935-wibe-video-1080/index.m3u8,96144618,False
https://wibes-01.wbbasket.ru/bb884a22-ff50-11ef-8c8e-9eada56a1e70/35353331363731-wibe-video-852/index.m3u8,318266022,True
https://wibes-04.wbbasket.ru/de389d16-00fa-11f0-abbf-dad751a51a6d/35353539303534-wibe-video-720/index.m3u8,242336996,False
https://wibes-04.wbbasket.ru/259cd98c-dfd5-11ef-9f7f-ba8c8343c357/35343836333232-wibe-video-1080/index.m3u8,254707966,False
https://wibes-06.wbbasket.ru/deda5271-03d3-11f0-a70a-2e5e9a751d71/35353631373934-wibe-video-1080/index.m3u8,244767873,False
https://wibes-07.wbbasket.ru/11d3bd84-00a0-11f0-b810-a2d40a032259/32393430353334-wibe-video-853/index.m3u8,317571565,False
https://wibes-03.wbbasket.ru/e9ebf8e0-0038-11f0-b192-26b101910b45/35353537313832-wibe-video-720/index.m3u8,12939364,False
https://wibes-04.wbbasket.ru/c7456221-f2af-11ef-9d6c-ee9eb11d7d82/35343838333331-wibe-video-853/index.m3u8,146164582,False
https://wibes-07.wbbasket.ru/8a8e375f-feba-11ef-a58a-0ab073837fcd/32393032373735-wibe-video-853/index.m3u8,277920289,True
https://wibes-02.wbbasket.ru/f90a6e3d-01db-11f0-aebf-ba21f2c471e9/35353433343532-wibe-video-1920/index.m3u8,47583973,False
https://wibes-01.wbbasket.ru/878d9156-0376-11f0-8555-463cc2efcfa0/35353539323839-wibe-video-720/index.m3u8,71520697,False
https://wibes-06.wbbasket.ru/a2bdf706-057b-11f0-a67f-c610f3ba11ec/35363630303333-wibe-video-852/index.m3u8,164481977,True
https://wibes-02.wbbasket.ru/9e94eed1-d817-4c95-967a-1b045477b697/10673-wbkids_articles_editor-video-1080/index.m3u8,212817488,True
https://wibes-04.wbbasket.ru/44ff0da9-e3c7-11ef-8abf-165f696456bd/33303837363938-wibe-video-1080/index.m3u8,215074489,True
https://wibes-03.wbbasket.ru/d094f1eb-008d-11f0-b4c8-5e949b77d53c/35353630313238-wibe-video-624/index.m3u8,295718580,True
https://wibes-04.wbbasket.ru/c3b1eaba-f505-11ef-8b11-4a06bc1c76b9/31323033303030-wibe-video-1920/index.m3u8,188224419,True
https://wibes-04.wbbasket.ru/6d515740-f126-11ef-bb8b-120c8248da7e/35343837323738-wibe-video-1080/index.m3u8,349368728,False
https://wibes-07.wbbasket.ru/5907fa14-00a8-11f0-b88b-a2ca27eae303/34353231373031-wibe-video-1080/index.m3u8,234581525,False
https://wibes-04.wbbasket.ru/0dd1a850-fec6-11ef-8984-561295f0528a/35353030373438-wibe-video-853/index.m3u8,231251585,True
https://wibes-01.wbbasket.ru/d31b989c-ff69-11ef-a99f-9e52f2dfcf18/31323331313938-wibe-video-853/index.m3u8,236055102,False
https://wibes-06.wbbasket.ru/8f4560a3-ff52-11ef-8ed5-6623aa30fda9/323736323133-wibe-video-853/index.m3u8,168922854,True
https://wibes-01.wbbasket.ru/bd0f34d9-f356-11ef-a6f6-6e7247463716/35343836393930-wibe-video-1080/index.m3u8,116001512,False
https://wibes-01.wbbasket.ru/eb3a56f2-e79c-11ef-8520-b663b05cd8b7/31323230363832-wibe-video-1080/index.m3u8,267897969,False
https://wibes-02.wbbasket.ru/f02ca089-01df-11f0-95b3-e66d69658f53/31303332333238-wibe-video-464/index.m3u8,250777868,True
https://wibes-04.wbbasket.ru/865eab60-01d3-11f0-bb02-127fbd0d123c/35353830353239-wibe-video-720/index.m3u8,256718136,False
https://wibes-02.wbbasket.ru/bb355c6a-de23-11ef-8808-8e7475e842b6/33393738313432-wibe-video-1080/index.m3u8,272715449,False
https://wibes-01.wbbasket.ru/026710a7-0118-11f0-ae01-8efdd448a88b/35353732323938-wibe-video-853/index.m3u8,207262773,True
https://wibes-07.wbbasket.ru/2029b80c-fec2-11ef-9589-4698dab8ed0e/35343936303139-wibe-video-853/index.m3u8,273240629,True
https://wibes-07.wbbasket.ru/53949edc-00db-11f0-9763-56d261be8c37/35353635383430-wibe-video-1920/index.m3u8,190005715,False
https://wibes-06.wbbasket.ru/233f1191-0259-11f0-84ef-b2ac700d584a/35353737303737-wibe-video-853/index.m3u8,263551324,False
https://wibes-05.wbbasket.ru/5fe3162a-ff2c-11ef-b565-22482c8907a6/32353830363032-wibe-video-853/index.m3u8,99469409,True
https://wibes-05.wbbasket.ru/8ac74812-0060-11f0-9b6f-26b444caf11f/323032363936-wibe-video-720/index.m3u8,320459712,False
https://wibes-06.wbbasket.ru/82a56803-00a1-11f0-8f8e-8ea773e87bd4/35353436383934-wibe-video-1080/index.m3u8,345503547,False
https://wibes-07.wbbasket.ru/110c9a33-e652-11ef-bb63-a61b48466a5f/35343837333333-wibe-video-1080/index.m3u8,311598059,False
https://wibes-04.wbbasket.ru/491b1c70-e6be-11ef-b931-26300c3e8314/35343837313639-wibe-video-1080/index.m3u8,29441718,False
https://wibes-02.wbbasket.ru/ec21be90-00a3-11f0-820c-a66760a4ad41/32363132373130-wibe-video-720/index.m3u8,224572173,False
https://wibes-03.wbbasket.ru/24a39afc-017b-11f0-aebf-ba21f2c471e9/34303838303439-wibe-video-1920/index.m3u8,256332751,True
https://wibes-04.wbbasket.ru/df320762-f38f-11ef-ac91-26df2dff2987/35343837333931-wibe-video-1072/index.m3u8,317214680,False
https://wibes-03.wbbasket.ru/2d329111-063f-11f0-bbe7-6e81d5a910d9/35353332303539-wibe-video-720/index.m3u8,140920094,False
https://wibes-01.wbbasket.ru/8683f81b-fe72-11ef-a5d3-e2aeff59d81b/35343934323037-wibe-video-852/index.m3u8,164449324,True
https://wibes-01.wbbasket.ru/667b886a-ff27-11ef-8984-561295f0528a/35353234353237-wibe-video-853/index.m3u8,119124488,True
https://wibes-01.wbbasket.ru/eff61973-ffc9-11ef-83b5-b674d18b5c70/35343939323339-wibe-video-1280/index.m3u8,262611686,True
https://wibes-03.wbbasket.ru/cfd7295d-0106-11f0-98a7-e28930524065/35353430333131-wibe-video-853/index.m3u8,254866069,False
https://wibes-06.wbbasket.ru/7241dd58-0692-11f0-b5d6-72f1458b31a7/35343838333331-wibe-video-852/index.m3u8,333562677,False
https://wibes-07.wbbasket.ru/0ca2223a-00d6-11f0-b33c-e6eb50878f6f/35353635333137-wibe-video-853/index.m3u8,246479307,False
https://wibes-07.wbbasket.ru/2102b9f9-850e-45ea-bfbe-b0e0a98190de/guru-video-1080/index.m3u8,185227486,False
https://wibes-07.wbbasket.ru/7d54fdbc-0001-11f0-8edd-42bad6f4a59d/31333139333138-wibe-video-480/index.m3u8,137536045,True
https://wibes-06.wbbasket.ru/6db418b8-ff2f-11ef-81e0-6a416ec3f0d3/343136343936-wibe-video-480/index.m3u8,67464940,False
https://wibes-07.wbbasket.ru/a7b8cab8-ff12-11ef-8ce0-ba257f091254/35353232343233-wibe-video-480/index.m3u8,208301357,True
https://wibes-05.wbbasket.ru/420760a3-03bb-11f0-a7dc-ca2ca3e926ae/35343836343737-wibe-video-600/index.m3u8,163470167,False
https://wibes-07.wbbasket.ru/b15e4e6c-030e-11f0-9c6c-4e03c830c877/35363035353833-wibe-video-1920/index.m3u8,223571743,False
https://wibes-06.wbbasket.ru/00874412-03ee-11f0-b2e0-eaeef2fbbc6f/35363134373033-wibe-video-853/index.m3u8,178637194,False
https://wibes-07.wbbasket.ru/2f18eeee-0195-11f0-9763-56d261be8c37/35353037333334-wibe-video-853/index.m3u8,248771401,False
https://wibes-01.wbbasket.ru/505401e3-0355-11f0-ae01-8efdd448a88b/35363139313530-wibe-video-853/index.m3u8,50003429,True
https://wibes-03.wbbasket.ru/3d020a16-00f9-11f0-bb15-baa94e9cdf9c/35353436303238-wibe-video-853/index.m3u8,53710767,False
https://wibes-05.wbbasket.ru/2d673f1b-ffb9-11ef-a72a-ce06f961be94/35353032343035-wibe-video-720/index.m3u8,147351263,False
https://wibes-07.wbbasket.ru/7d1ae234-04c9-11f0-9d10-a652b316278b/35363439373335-wibe-video-853/index.m3u8,320258200,True
https://wibes-03.wbbasket.ru/d2ab4623-ff2e-11ef-a210-067470d58a20/35353233373336-wibe-video-854/index.m3u8,172659742,False
https://wibes-04.wbbasket.ru/7f0208d9-002a-11f0-8349-f6f72d14a2f8/35353535363037-wibe-video-852/index.m3u8,260087978,True
https://wibes-04.wbbasket.ru/a078db50-ff22-11ef-a513-56501e68f858/31303839363636-wibe-video-720/index.m3u8,313596739,False
https://wibes-04.wbbasket.ru/d2dd5d6e-f2ac-11ef-a6f6-6e7247463716/35343837333931-wibe-video-720/index.m3u8,173647886,False
https://wibes-07.wbbasket.ru/4615e764-fe61-11ef-9164-5e6cc43542f9/35343839353931-wibe-video-720/index.m3u8,177965865,True
https://wibes-07.wbbasket.ru/7043b932-dff7-11ef-b0d2-a66c9162490c/35343836383539-wibe-video-1080/index.m3u8,168141518,False
https://wibes-04.wbbasket.ru/7784c5c9-fe7b-11ef-84cf-be198d88756f/34363539383530-wibe-video-720/index.m3u8,268694241,False
https://wibes-06.wbbasket.ru/bc9a8e53-dfe2-11ef-a896-c21f5b27b6ec/31313439-wibe-video-1080/index.m3u8,195934369,True
https://wibes-03.wbbasket.ru/011200cf-350f-4aae-ba21-b4219be98bd2/703432-wbkids_articles_editor-video-1080/index.m3u8,226193865,False
https://wibes-07.wbbasket.ru/326bf83a-0287-11f0-98a7-e28930524065/35353736393931-wibe-video-853/index.m3u8,193745655,False
https://wibes-05.wbbasket.ru/1993d4b2-f8fb-11ef-98c3-32ab3b1e20f6/guide-2465259a-d792-40ac-9d34-8554be3940fd/index.m3u8,206306219,False
https://wibes-05.wbbasket.ru/a3d08ae5-e605-11ef-8520-b663b05cd8b7/35343836393738-wibe-video-1080/index.m3u8,62687473,False
https://wibes-01.wbbasket.ru/fe53e7d9-d4bc-11ef-9e4b-fe72c080e740/35343836303733-wibe-video-1080/index.m3u8,286433161,True
https://wibes-01.wbbasket.ru/2dbf25f2-017b-11f0-9763-56d261be8c37/35343930303835-wibe-video-1920/index.m3u8,247757616,True
https://wibes-04.wbbasket.ru/3bd0788f-0266-11f0-8a82-5ee170d8fdaf/35353032313530-wibe-video-720/index.m3u8,166357563,False
https://wibes-01.wbbasket.ru/cbe4131e-ff12-11ef-84c7-1ac007fcbd5a/33373530303730-wibe-video-853/index.m3u8,139513278,True
https://wibes-02.wbbasket.ru/e5ed01e6-0012-11f0-8059-92661cff1566/35353533323730-wibe-video-853/index.m3u8,51912749,False
https://wibes-05.wbbasket.ru/33b8e7ce-7466-40be-8dfa-2aad6f49878a/11166-wbkids_articles_editor-video-1080/index.m3u8,12410703,True
https://wibes-05.wbbasket.ru/d7c890be-fdeb-4f2e-835a-408b767414fc/887189-wbkids_articles_editor-video-1080/index.m3u8,314334892,True
https://wibes-03.wbbasket.ru/2227a4af-0235-11f0-ac15-eed9d2cdac49/35353931383435-wibe-video-1080/index.m3u8,172808370,False
https://wibes-02.wbbasket.ru/176bc1e3-b51a-42b3-a414-e46f935553a3/31303539373830-guru-video-1080/index.m3u8,109814239,True
https://wibes-01.wbbasket.ru/3042a008-ff6d-11ef-801d-fe78801d0348/35353039303939-wibe-video-1080/index.m3u8,161139671,True
https://wibes-01.wbbasket.ru/afc05f2b-ed18-11ef-ba7a-4a3ead760bf3/32363731323939-wibe-video-1080/index.m3u8,113251534,False
https://wibes-07.wbbasket.ru/a4817ee9-fe81-11ef-91d9-b6a0e7e2027c/3836333138-wibe-video-1070/index.m3u8,208771810,False
https://wibes-04.wbbasket.ru/9068135d-0007-11f0-a6ce-ae5846b52679/35343839363239-wibe-video-1080/index.m3u8,181912114,False
https://wibes-06.wbbasket.ru/ab6f1a68-ff3e-11ef-8692-f2035c182d15/35353038363834-wibe-video-1080/index.m3u8,320951988,False
https://wibes-02.wbbasket.ru/7ba66ac0-0277-11f0-8555-463cc2efcfa0/35353934363439-wibe-video-1080/index.m3u8,265446542,True
https://wibes-03.wbbasket.ru/b07062b8-033a-11f0-801f-ce6bd4fa71ac/35363031343935-wibe-video-464/index.m3u8,259120649,False
https://wibes-05.wbbasket.ru/c89a3ba6-f302-11ef-aedb-9690deb172d6/11166-wbkids_articles_editor-video-0/index.m3u8,83936019,False
https://wibes-05.wbbasket.ru/cd310b54-fe7a-11ef-9bed-329e0d2dd4c8/35343831383138-wibe-video-1080/index.m3u8,336684285,False
https://wibes-03.wbbasket.ru/81501ee2-00f7-11f0-a7dc-ca2ca3e926ae/35353536393938-wibe-video-720/index.m3u8,12657591,False
https://wibes-01.wbbasket.ru/1cb0ea92-e902-11ef-8c2c-7e988199fd9c/393731373236-wibe-video-1080/index.m3u8,276884358,True
https://wibes-04.wbbasket.ru/cb002691-00ca-11f0-ab85-02a8f4f7aceb/323331383930-wibe-video-851/index.m3u8,116611158,False
https://wibes-05.wbbasket.ru/c313f912-004f-11f0-b0e8-d2a38067b662/35353537343938-wibe-video-854/index.m3u8,175088486,True
https://wibes-04.wbbasket.ru/5fd8a117-0013-11f0-aeb6-a63d1273ccf8/35353533323834-wibe-video-853/index.m3u8,211111916,True
https://wibes-05.wbbasket.ru/3251e8f7-ea2a-11ef-8f57-6281237f14a5/323737333730-wibe-video-1080/index.m3u8,264377111,True
https://wibes-04.wbbasket.ru/d5cedcdd-ff8e-11ef-a748-6287d8573dce/35353433313639-wibe-video-852/index.m3u8,185644529,False
https://wibes-02.wbbasket.ru/f949438a-ffe1-11ef-9338-d6cab4772646/35353031393638-wibe-video-1920/index.m3u8,178542477,False
https://wibes-06.wbbasket.ru/339a7b8e-0644-11f0-93be-522441b7a462/35353037373234-wibe-video-1080/index.m3u8,195963751,False
https://wibes-03.wbbasket.ru/5e936555-00d5-11f0-b444-5abf994da904/35353635333137-wibe-video-853/index.m3u8,171079691,False
https://wibes-01.wbbasket.ru/bd135fc8-002f-11f0-bdfb-2ec5245cc3c0/35353534383435-wibe-video-1080/index.m3u8,163045384,False
https://wibes-01.wbbasket.ru/a3ea0719-e930-11ef-9a76-be397195ac5c/35343834383831-wibe-video-1080/index.m3u8,314978933,False
https://wibes-02.wbbasket.ru/83472e32-0294-11f0-9763-56d261be8c37/35363031373737-wibe-video-853/index.m3u8,120573046,False
https://wibes-03.wbbasket.ru/00127c39-0372-11f0-a338-ae8396e9d04e/35353238333038-wibe-video-1080/index.m3u8,183627454,False
https://wibes-02.wbbasket.ru/d02dbb8a-fe73-11ef-9bed-329e0d2dd4c8/35343935373132-wibe-video-1080/index.m3u8,218816073,True
https://wibes-01.wbbasket.ru/e16c2f35-e97e-4cb0-ba8d-b969642bbf82/33383938393331-guru-video-1080/index.m3u8,13835042,False
https://wibes-07.wbbasket.ru/2c7ae411-ff27-11ef-8984-561295f0528a/35353234353237-wibe-video-853/index.m3u8,320339362,True
https://wibes-02.wbbasket.ru/5bb83935-f479-11ef-98b3-62f188d86a69/343739383839-wibe-video-853/index.m3u8,224528729,False
https://wibes-04.wbbasket.ru/67f742af-035b-11f0-98a7-e28930524065/35353532383134-wibe-video-720/index.m3u8,337771966,False
https://wibes-01.wbbasket.ru/f0619bb1-04ea-11f0-9d10-a652b316278b/35363533303437-wibe-video-853/index.m3u8,317639890,False
https://wibes-06.wbbasket.ru/c917b00a-feaf-11ef-9d42-923d1b44cc01/32383637333139-wibe-video-853/index.m3u8,245576230,True
https://wibes-07.wbbasket.ru/bec2a6cd-d0a7-4215-883c-4f6a40b3d4c5/18511-wbkids_articles_editor-video-1080/index.m3u8,260608167,True
https://wibes-03.wbbasket.ru/3d19bcf2-025f-11f0-9763-56d261be8c37/35303138343236-wibe-video-853/index.m3u8,175777446,False
https://wibes-02.wbbasket.ru/22d21245-061c-11f0-93f3-fa299d86f884/35363537393039-wibe-video-720/index.m3u8,182887003,False
https://wibes-05.wbbasket.ru/55d6aaf6-ff40-11ef-b20f-829accf7e0ef/35353332373130-wibe-video-1080/index.m3u8,240537598,True
https://wibes-01.wbbasket.ru/949c7a8a-004f-11f0-b2b5-ba5be5764504/35353537343134-wibe-video-853/index.m3u8,306259839,False
https://wibes-04.wbbasket.ru/491b1c70-e6be-11ef-b931-26300c3e8314/35343837313639-wibe-video-1080/index.m3u8,219808984,False
https://wibes-02.wbbasket.ru/2b909501-0119-11f0-b5a3-92fbfe657c28/32363230303331-wibe-video-1125/index.m3u8,193431345,True
https://wibes-06.wbbasket.ru/297e9b73-fef1-11ef-b40c-22482c8907a6/35353034363535-wibe-video-854/index.m3u8,301663257,False
https://wibes-04.wbbasket.ru/68521844-06ae-4f81-ab73-32572b9bda40/guru-video-1080/index.m3u8,264034348,False
https://wibes-03.wbbasket.ru/0d69f238-0248-11f0-801f-ce6bd4fa71ac/35353934363135-wibe-video-720/index.m3u8,214117460,False
https://wibes-02.wbbasket.ru/1f7ebdb3-ea2a-11ef-b116-5e143ea871ed/323737333730-wibe-video-1080/index.m3u8,165112709,False
https://wibes-05.wbbasket.ru/fd7954a6-033c-11f0-b2dc-e6f9bc73476a/35353430333830-wibe-video-1080/index.m3u8,251131365,False
https://wibes-05.wbbasket.ru/28abce28-feb1-11ef-85b7-aec3799c8825/31373331373835-wibe-video-638/index.m3u8,221549842,False
https://wibes-02.wbbasket.ru/ecfd089d-ffd6-11ef-89e5-d60c3e5bb356/32353039313836-wibe-video-1920/index.m3u8,219112683,False
https://wibes-03.wbbasket.ru/65206736-017a-11f0-b9b6-8a5e224329ea/35353736363833-wibe-video-1920/index.m3u8,191551510,True
https://wibes-06.wbbasket.ru/14836c6c-ff4b-11ef-b565-22482c8907a6/35353238363839-wibe-video-853/index.m3u8,238006948,False
https://wibes-06.wbbasket.ru/3703a604-01b3-11f0-aff0-ca914550bbaa/32383131313034-wibe-video-1280/index.m3u8,226051709,False
https://wibes-04.wbbasket.ru/7a60a768-0187-11f0-9c53-b29a98419bd7/35353639343635-wibe-video-853/index.m3u8,359359973,True
https://wibes-05.wbbasket.ru/ad8dd3bb-0247-11f0-8897-ea6dfe1c7b10/32393032353739-wibe-video-720/index.m3u8,216222929,False
https://wibes-04.wbbasket.ru/afc427f7-0082-11f0-ab1a-721c8c93b972/35343930303838-wibe-video-720/index.m3u8,273843635,False
https://wibes-02.wbbasket.ru/aefe07a9-016a-11f0-b2e0-eaeef2fbbc6f/35353735353632-wibe-video-1920/index.m3u8,270451428,True
https://wibes-02.wbbasket.ru/bb6ae742-03ec-11f0-9158-a6e9292d8806/35353731333035-wibe-video-720/index.m3u8,67940254,True
https://wibes-06.wbbasket.ru/0d7dfff5-ff81-11ef-8da5-ea7357ded824/35353432333634-wibe-video-720/index.m3u8,156732528,False
https://wibes-06.wbbasket.ru/71b6ec3d-0117-11f0-aebf-ba21f2c471e9/35353034333938-wibe-video-853/index.m3u8,61106855,False
https://wibes-01.wbbasket.ru/dcaa8acf-feb0-11ef-9f39-ca98942ee903/35353032393032-wibe-video-1080/index.m3u8,191104355,False
https://wibes-03.wbbasket.ru/e98a620c-01e3-11f0-aff0-ca914550bbaa/35333434333930-wibe-video-1024/index.m3u8,227130733,False
https://wibes-07.wbbasket.ru/18f0c2c4-ff51-11ef-a99f-9e52f2dfcf18/35353331363731-wibe-video-853/index.m3u8,257955826,False
https://wibes-04.wbbasket.ru/1b6296ed-0009-11f0-a432-d6cc87002afd/35353530323837-wibe-video-853/index.m3u8,261794030,False
https://wibes-06.wbbasket.ru/8fad4ffc-0110-11f0-bb15-baa94e9cdf9c/35353638303330-wibe-video-853/index.m3u8,239871795,False
https://wibes-04.wbbasket.ru/51fe1f6c-058b-11f0-b13c-666b8fd2ed4c/363431343337-wibe-video-851/index.m3u8,180156459,False
https://wibes-02.wbbasket.ru/4b04530f-e3c5-11ef-a321-ee878d4de2c9/33303837363938-wibe-video-1080/index.m3u8,272510021,True
https://wibes-01.wbbasket.ru/eac2a72c-019a-11f0-9d3f-56ebe8b5b147/35353737323230-wibe-video-1080/index.m3u8,213944206,True
https://wibes-02.wbbasket.ru/b38d543d-5c1a-4f8d-8e59-22dccdd801ca/130656-wbkids_articles_editor-video-1080/index.m3u8,123663655,True
https://wibes-05.wbbasket.ru/3bd56a69-ff6f-11ef-bcc8-faf073ca0c89/35353137363439-wibe-video-768/index.m3u8,203302728,False
https://wibes-02.wbbasket.ru/d8b2f461-d0e1-4e99-b5a9-509ec9f269fb/33353236303533-guru-video-1080/index.m3u8,291863926,False
https://wibes-01.wbbasket.ru/c03a879b-0099-11f0-aeb6-a63d1273ccf8/35353630333938-wibe-video-1920/index.m3u8,216157255,True
https://wibes-02.wbbasket.ru/a7bfe561-f474-11ef-8b11-4a06bc1c76b9/343739383839-wibe-video-853/index.m3u8,185164536,False
https://wibes-06.wbbasket.ru/0645d845-00d8-11f0-a1ac-5a84a2951e34/393631383332-wibe-video-700/index.m3u8,43919304,False
https://wibes-07.wbbasket.ru/166c0f93-fef5-11ef-a58a-0ab073837fcd/35353037383837-wibe-video-852/index.m3u8,64833950,False
https://wibes-07.wbbasket.ru/2dde4662-ff87-11ef-8af2-b61ccf2d77c5/32353039313836-wibe-video-1920/index.m3u8,45373260,False
https://wibes-05.wbbasket.ru/1db07632-03e2-11f0-bda7-0e990ecff956/35353330353337-wibe-video-1080/index.m3u8,28624732,True
https://wibes-01.wbbasket.ru/d0ad563a-ff25-11ef-88ed-460e0eec9d31/35353233373537-wibe-video-853/index.m3u8,312962648,False
https://wibes-03.wbbasket.ru/2227a4af-0235-11f0-ac15-eed9d2cdac49/35353931383435-wibe-video-1080/index.m3u8,161303582,False
https://wibes-07.wbbasket.ru/19812ebd-02a4-11f0-bf87-da143c99fe3f/35353336353338-wibe-video-1080/index.m3u8,289161725,True
https://wibes-03.wbbasket.ru/f3e47ddd-04ad-11f0-bb2e-822fc7af082e/35363437323632-wibe-video-480/index.m3u8,174849894,True
https://wibes-05.wbbasket.ru/a9bebfaf-e591-11ef-941d-1a7de467d7e2/343739383839-wibe-video-1080/index.m3u8,314942078,False
https://wibes-07.wbbasket.ru/d7c94df3-0729-11f0-8568-b69e94a57bfd/35363734383832-wibe-video-720/index.m3u8,118186717,True
https://wibes-05.wbbasket.ru/d6378079-e884-11ef-b931-26300c3e8314/35343837313132-wibe-video-1080/index.m3u8,24801712,True
https://wibes-06.wbbasket.ru/5762c2b5-0065-11f0-90c4-ba76d80fd768/35353539363438-wibe-video-853/index.m3u8,219113193,False
https://wibes-03.wbbasket.ru/9ac4600d-fed1-11ef-8984-561295f0528a/35353031323233-wibe-video-852/index.m3u8,176051650,False
https://wibes-01.wbbasket.ru/9d478bdd-8f2f-4f78-aa99-22eb3cef31ea/1203009-wbkids_articles_editor-video-1080/index.m3u8,158003549,True
https://wibes-06.wbbasket.ru/35693b06-00f7-11f0-b50f-1e3d095f9d61/35353439343433-wibe-video-853/index.m3u8,159502250,False
https://wibes-02.wbbasket.ru/def263c4-c2e6-4185-89fb-25cffffd5eb5/34373439-guru-video-1080/index.m3u8,153376165,False
https://wibes-05.wbbasket.ru/bf522343-0122-11f0-9c53-b29a98419bd7/32363133383630-wibe-video-1920/index.m3u8,268199199,False
https://wibes-03.wbbasket.ru/c30989aa-0293-11f0-9c6c-4e03c830c877/35363031373737-wibe-video-853/index.m3u8,211581160,False
https://wibes-03.wbbasket.ru/c25a13cc-eacc-11ef-abe1-428d42248d0a/35343837383330-wibe-video-1080/index.m3u8,127278905,True
https://wibes-04.wbbasket.ru/a49a5204-064b-11f0-ba91-7a368d2552d0/35363637393633-wibe-video-1080/index.m3u8,79576331,True
https://wibes-04.wbbasket.ru/a2171bae-ff8c-11ef-ac44-269a8b1257ce/35353030333933-wibe-video-720/index.m3u8,120085117,False
https://wibes-03.wbbasket.ru/834746d7-040c-11f0-901b-0683b10d7e46/35363035343536-wibe-video-1080/index.m3u8,197607489,True
https://wibes-05.wbbasket.ru/fd6b2447-ea14-11ef-afe9-52724b527ce5/35343837323630-wibe-video-1080/index.m3u8,314978933,False
https://wibes-01.wbbasket.ru/ec06f2bb-fea0-11ef-9b89-4af97fb6819a/35343938363635-wibe-video-720/index.m3u8,263793310,True
https://wibes-04.wbbasket.ru/9e2f5bec-0255-11f0-9fc3-8a521151f5a9/35353133393634-wibe-video-720/index.m3u8,62801334,False
https://wibes-02.wbbasket.ru/73935896-98c7-4234-9e22-247601e0c475/guru-video-1080/index.m3u8,313343853,False
https://wibes-04.wbbasket.ru/d4e745e3-ff30-11ef-b3fb-8a1ccbad7fb6/35353237303937-wibe-video-720/index.m3u8,301760993,False
https://wibes-07.wbbasket.ru/0e372438-0162-11f0-b9b6-8a5e224329ea/35353734383732-wibe-video-852/index.m3u8,23000346,False
https://wibes-01.wbbasket.ru/2c699744-00b7-11f0-a81b-da93f821f99c/35353633303130-wibe-video-1080/index.m3u8,200408585,True
https://wibes-07.wbbasket.ru/cdb0a9fd-04c8-11f0-9d10-a652b316278b/35363439373335-wibe-video-853/index.m3u8,215497833,False
https://wibes-04.wbbasket.ru/7f3bc506-003b-11f0-a222-1e0689ece429/35353537313330-wibe-video-852/index.m3u8,145247344,False
https://wibes-02.wbbasket.ru/dd84b35b-0513-11f0-bbc9-6e05fbd58dc2/32343832333831-wibe-video-1080/index.m3u8,217550127,False
https://wibes-02.wbbasket.ru/057e3c84-0341-11f0-b50f-1e3d095f9d61/35363133363332-wibe-video-851/index.m3u8,336544120,False
https://wibes-03.wbbasket.ru/b912c6d9-148b-4917-a358-f36e3573b0d3/3981583-wbkids_articles_editor-video-1080/index.m3u8,251842006,False
https://wibes-06.wbbasket.ru/fd69aeb7-0023-11f0-b43c-4a1f25563932/35343930323932-wibe-video-1080/index.m3u8,314305949,False
https://wibes-06.wbbasket.ru/e7eb4a2e-edf3-11ef-8996-4686374b8f59/35343837303835-wibe-video-1080/index.m3u8,237648255,True
https://wibes-01.wbbasket.ru/f4f2e772-ffeb-11ef-9c43-c2ed4cd8208c/35343934323037-wibe-video-1080/index.m3u8,270936939,True
https://wibes-05.wbbasket.ru/d8d4dac8-ff1a-11ef-9c7d-ae5a8f08a410/35353031343330-wibe-video-1080/index.m3u8,320150597,False
https://wibes-06.wbbasket.ru/cd25fa27-ff3d-11ef-8659-d61ee33cfd39/35353238363839-wibe-video-853/index.m3u8,196216642,False
https://wibes-02.wbbasket.ru/c818ddcb-e7cf-11ef-b51f-d2fc8e5d1c6b/33323830323335-wibe-video-1080/index.m3u8,262144243,True
https://wibes-01.wbbasket.ru/af1d4b84-055f-11f0-bd98-96024f72071e/35353231383537-wibe-video-720/index.m3u8,99019770,False
https://wibes-04.wbbasket.ru/5798d24a-ffba-11ef-ba71-d2dd99643184/35353434313732-wibe-video-854/index.m3u8,116541814,False
https://wibes-06.wbbasket.ru/5baf494f-ff25-11ef-8af2-b61ccf2d77c5/35353234303031-wibe-video-853/index.m3u8,177668129,False
https://wibes-06.wbbasket.ru/0645d845-00d8-11f0-a1ac-5a84a2951e34/393631383332-wibe-video-700/index.m3u8,222595372,False
https://wibes-04.wbbasket.ru/51190f33-02bd-11f0-aebf-ba21f2c471e9/32343338393130-wibe-video-1920/index.m3u8,233279279,True
https://wibes-05.wbbasket.ru/f4817ae5-002e-11f0-a4fb-127e258755fa/35353032333136-wibe-video-1080/index.m3u8,299206252,True
https://wibes-02.wbbasket.ru/b16348ab-00c2-11f0-9945-fa3e34f34882/35353633383134-wibe-video-849/index.m3u8,320887647,False
https://wibes-04.wbbasket.ru/69cb750c-0433-11f0-b45f-1ebe295c93c3/35363431303938-wibe-video-720/index.m3u8,301638792,False
https://wibes-07.wbbasket.ru/84dc6951-ff24-11ef-ae6c-ae9ceb06c459/333130343335-wibe-video-852/index.m3u8,169202541,False
https://wibes-03.wbbasket.ru/b44ab332-0014-11f0-a0ad-96c5d8df08ea/35333434333930-wibe-video-576/index.m3u8,220787552,False
https://wibes-02.wbbasket.ru/e646aa0b-395c-4126-b2ce-0a2c547c9e1a/33383938393331-guru-video-1080/index.m3u8,37995763,False
https://wibes-05.wbbasket.ru/8bd3fa4f-e874-11ef-8520-b663b05cd8b7/35343836363831-wibe-video-1080/index.m3u8,219244550,False
https://wibes-07.wbbasket.ru/b9ce5dff-364d-4425-8152-255d14cc7650/31353936383936-guru-video-1080/index.m3u8,234314802,False
https://wibes-07.wbbasket.ru/18f0c2c4-ff51-11ef-a99f-9e52f2dfcf18/35353331363731-wibe-video-853/index.m3u8,13434274,True
https://wibes-05.wbbasket.ru/1f746024-7aa1-4727-8868-bad2b3372dd8/31353239323936-wibe-video-1080/index.m3u8,332672322,True
https://wibes-02.wbbasket.ru/8b8976f4-fed4-11ef-b40c-22482c8907a6/35353031393931-wibe-video-853/index.m3u8,203559094,False
https://wibes-04.wbbasket.ru/fb68b9e2-04ba-11f0-8c63-fabb595c452f/35363438373432-wibe-video-853/index.m3u8,145959422,False
https://wibes-05.wbbasket.ru/af5b3a85-f11a-11ef-8895-6ed7fc673a6b/35343838303337-wibe-video-853/index.m3u8,195828345,True
https://wibes-06.wbbasket.ru/a69fc096-036c-11f0-82a4-b63aa71d229c/35363232363330-wibe-video-576/index.m3u8,185638966,False
https://wibes-05.wbbasket.ru/3afc8461-ff09-11ef-9d42-923d1b44cc01/35353134373635-wibe-video-852/index.m3u8,291830148,False
https://wibes-06.wbbasket.ru/e0fb5d9c-024a-11f0-aebf-ba21f2c471e9/35353935303033-wibe-video-1920/index.m3u8,321461731,False
https://wibes-03.wbbasket.ru/1bb8f77e-019b-11f0-908d-5e1bc4da39d8/35353737363538-wibe-video-853/index.m3u8,332992302,False
https://wibes-04.wbbasket.ru/9aa281cc-04cf-11f0-9809-1ac8c67b85e3/35343938373331-wibe-video-320/index.m3u8,274492832,False
https://wibes-06.wbbasket.ru/83b003cf-01a2-11f0-95b3-e66d69658f53/35353133303132-wibe-video-888/index.m3u8,306631567,True
https://wibes-04.wbbasket.ru/2828f9c4-ff1d-11ef-9d42-923d1b44cc01/35353230313837-wibe-video-853/index.m3u8,140362650,False
https://wibes-01.wbbasket.ru/563ba908-febd-11ef-995c-d2f1ff43a67a/32393032373735-wibe-video-853/index.m3u8,246489130,False
https://wibes-07.wbbasket.ru/7eeaf385-ff47-11ef-90da-fa0e609547dc/35353231383537-wibe-video-853/index.m3u8,159948056,False
https://wibes-04.wbbasket.ru/84886920-ff2e-11ef-9c2f-32cb2c1245f5/32323836363135-wibe-video-1080/index.m3u8,211394616,False
https://wibes-06.wbbasket.ru/2df93eb6-070a-11f0-9d4b-6e3e4dab5270/35353333333236-wibe-video-1080/index.m3u8,192255361,False
https://wibes-01.wbbasket.ru/3a93b6bd-feb0-11ef-be57-5e4ca01f84c3/32383732313638-wibe-video-1080/index.m3u8,198010669,False
https://wibes-03.wbbasket.ru/65206736-017a-11f0-b9b6-8a5e224329ea/35353736363833-wibe-video-1920/index.m3u8,64039692,False
https://wibes-02.wbbasket.ru/44188a14-623d-492f-a298-91f66d11a864/36340-wbkids_articles_editor-video-1080/index.m3u8,265498388,False
https://wibes-03.wbbasket.ru/bb85773d-feb6-11ef-8e54-3ec8032a4d0a/35343838363238-wibe-video-1080/index.m3u8,255482665,True
https://wibes-01.wbbasket.ru/6c8e028e-eaa0-11ef-9695-b204b1b3e7fa/35343837343734-wibe-video-1080/index.m3u8,187893340,True
https://wibes-06.wbbasket.ru/eb7a6fb1-00df-11f0-b2e0-eaeef2fbbc6f/35353432323538-wibe-video-852/index.m3u8,181912114,False
https://wibes-01.wbbasket.ru/5c6c5a31-fe79-11ef-a5d3-e2aeff59d81b/35343934383934-wibe-video-852/index.m3u8,267629564,True
https://wibes-01.wbbasket.ru/81c0ba68-fe99-11ef-9b5c-22dcd1adf173/35343935393333-wibe-video-720/index.m3u8,164233958,False
https://wibes-04.wbbasket.ru/defe9175-026b-41ee-ac4c-d672c3acd82c/guru-video-1080/index.m3u8,215655958,False
https://wibes-07.wbbasket.ru/f5ae3df5-ff88-11ef-8591-66f871fc9a6f/33383635353036-wibe-video-1080/index.m3u8,14849534,False
https://wibes-04.wbbasket.ru/e6d36961-01d8-11f0-98a7-e28930524065/35353530363338-wibe-video-1920/index.m3u8,198380745,True
https://wibes-07.wbbasket.ru/3caf658b-0294-11f0-8189-3a85d5b0429a/353631393439-wibe-video-1080/index.m3u8,248111666,False
https://wibes-04.wbbasket.ru/a45cba52-ff2f-11ef-b547-de93c88d8365/333130343335-wibe-video-853/index.m3u8,120178244,False
https://wibes-05.wbbasket.ru/c528c572-02a6-11f0-bb15-baa94e9cdf9c/35353030323831-wibe-video-851/index.m3u8,259832177,False
https://wibes-05.wbbasket.ru/ce325ccc-d01e-498a-b35a-81b754afb40e/guru-video-1080/index.m3u8,134871396,True
https://wibes-01.wbbasket.ru/81ecc97f-ff98-11ef-beaf-166b09e62bc6/33333831303333-wibe-video-744/index.m3u8,306740676,False
https://wibes-04.wbbasket.ru/aa166140-0012-11f0-8349-f6f72d14a2f8/35353531353537-wibe-video-853/index.m3u8,252641012,False
https://wibes-06.wbbasket.ru/205a658d-034d-11f0-8de2-c6cbfec221ce/35353639313932-wibe-video-1080/index.m3u8,316063196,True
https://wibes-04.wbbasket.ru/4638c5fe-00d1-11f0-9ab9-baf592d33b03/35353635313936-wibe-video-720/index.m3u8,287981761,False
https://wibes-03.wbbasket.ru/0882d080-00b1-11f0-a6cc-0e0ab8dc3b33/35353436343334-wibe-video-1080/index.m3u8,322151971,False
https://wibes-07.wbbasket.ru/b3a87378-04ab-11f0-a975-da6f243ee233/35333434333930-wibe-video-720/index.m3u8,263472868,False
https://wibes-05.wbbasket.ru/bff17efe-fec3-11ef-8984-561295f0528a/35353030373438-wibe-video-853/index.m3u8,150345090,False
https://wibes-07.wbbasket.ru/a2cf45b6-71cf-4d59-ab49-825fd3b65964/1035344-wbkids_articles_editor-video-1080/index.m3u8,312021572,False
https://wibes-01.wbbasket.ru/9fd1515d-fead-11ef-9d42-923d1b44cc01/35343934343736-wibe-video-853/index.m3u8,270036402,False
https://wibes-04.wbbasket.ru/4f599556-04a6-11f0-976c-7629ab6d5bab/33383839-wibe-video-720/index.m3u8,226892811,False
https://wibes-05.wbbasket.ru/3fa62fd2-fe8d-11ef-96ef-2ae774ccd7d4/35343938363339-wibe-video-720/index.m3u8,323008260,False
https://wibes-07.wbbasket.ru/c668f836-0024-11f0-8f17-52490439c9ed/35353535303637-wibe-video-480/index.m3u8,271882404,False
https://wibes-01.wbbasket.ru/afd8c588-fe82-11ef-8257-563a53942e54/35343935353336-wibe-video-480/index.m3u8,242199955,False
https://wibes-06.wbbasket.ru/7ec3c58d-02ff-11f0-836a-be4ac8100c38/35353339363230-wibe-video-1080/index.m3u8,263675238,False
https://wibes-03.wbbasket.ru/dc40ce4b-02c5-11f0-b2e0-eaeef2fbbc6f/33333134353131-wibe-video-853/index.m3u8,308434397,True
https://wibes-06.wbbasket.ru/291b4006-ff2f-11ef-a9ac-06b4eb569773/35353031373635-wibe-video-1080/index.m3u8,104390782,False
https://wibes-03.wbbasket.ru/aa11892c-00b2-11f0-b148-da8f057f981f/35353632343832-wibe-video-852/index.m3u8,268650150,False
https://wibes-03.wbbasket.ru/6e8f71c7-05a9-11f0-8568-b69e94a57bfd/32353630333632-wibe-video-720/index.m3u8,176598118,False
https://wibes-03.wbbasket.ru/b5ba694a-fe8d-11ef-ab0d-0a369ce60708/35343738373837-wibe-video-720/index.m3u8,266056817,True
https://wibes-05.wbbasket.ru/9327c620-0012-11f0-a2f2-d2d6b1d33363/35353334393137-wibe-video-1536/index.m3u8,242463594,True
https://wibes-02.wbbasket.ru/88419ef5-e3c7-11ef-a321-ee878d4de2c9/33303837363938-wibe-video-1080/index.m3u8,281886279,False
https://wibes-03.wbbasket.ru/b314eb00-feb8-11ef-9d42-923d1b44cc01/35343935353031-wibe-video-853/index.m3u8,329849641,True
https://wibes-02.wbbasket.ru/87445bc1-fe75-11ef-b6dc-e66618c43fd2/373938373934-wibe-video-853/index.m3u8,107218050,False
https://wibes-02.wbbasket.ru/48cd3cbc-ff49-11ef-ae6c-ae9ceb06c459/35353238363839-wibe-video-853/index.m3u8,78509140,False
https://wibes-03.wbbasket.ru/e478f2ee-0554-11f0-8560-62ca720662ca/35363537393637-wibe-video-1080/index.m3u8,260879067,True
https://wibes-07.wbbasket.ru/a8b66cae-fe71-11ef-b2a0-de40e829cbc2/35343933373033-wibe-video-1080/index.m3u8,320459677,False
https://wibes-06.wbbasket.ru/6930d8d3-04b0-11f0-8c63-fabb595c452f/35363437363431-wibe-video-1920/index.m3u8,332588410,False
https://wibes-07.wbbasket.ru/4857df62-0028-11f0-a2fe-3a0fb8d245f2/35353535323731-wibe-video-464/index.m3u8,189169650,True
https://wibes-05.wbbasket.ru/04e00298-ff2f-11ef-80be-0ea13985011b/35353238353234-wibe-video-1080/index.m3u8,236127581,True
https://wibes-05.wbbasket.ru/e03d9315-023d-11f0-8d72-5ae3600e722e/35353739323331-wibe-video-720/index.m3u8,181912114,False
https://wibes-06.wbbasket.ru/2cb4f097-20eb-43b6-bffb-e71c2ce2b29a/guru-video-1080/index.m3u8,164741768,False
https://wibes-06.wbbasket.ru/cd708224-f73a-4ac5-a374-90b5ece63e04/43853-wbkids_articles_editor-video-1080/index.m3u8,186109632,True
https://wibes-01.wbbasket.ru/a02edfdb-3f87-4fc8-ac6d-b75ac4ccf093/887189-wbkids_articles_editor-video-1080/index.m3u8,232133011,False
https://wibes-07.wbbasket.ru/be502463-ff4f-11ef-995c-d2f1ff43a67a/35343930383231-wibe-video-853/index.m3u8,165572724,False
https://wibes-07.wbbasket.ru/32c1ddd1-001d-11f0-8349-f6f72d14a2f8/35353532323933-wibe-video-853/index.m3u8,114476915,False
https://wibes-03.wbbasket.ru/794ef665-e57c-11ef-874e-4add60666dbe/35343836373133-wibe-video-1080/index.m3u8,201404308,False
https://wibes-03.wbbasket.ru/69ecf9a8-0371-11f0-9763-56d261be8c37/35343838363636-wibe-video-853/index.m3u8,47583973,False
https://wibes-02.wbbasket.ru/85d0a58e-fe78-11ef-922a-6eb9ccea8b9f/35343938373834-wibe-video-400/index.m3u8,144487615,False
https://wibes-07.wbbasket.ru/f2ab0901-e14f-11ef-bb5d-0232520e4ee0/33303837363938-wibe-video-1080/index.m3u8,47583973,False
https://wibes-02.wbbasket.ru/9084f0e2-0009-11f0-b2b5-ba5be5764504/35353530323837-wibe-video-852/index.m3u8,216051191,False
https://wibes-07.wbbasket.ru/aea4287f-0169-11f0-836a-be4ac8100c38/35353735353030-wibe-video-1080/index.m3u8,172006940,False
https://wibes-01.wbbasket.ru/78aed121-0176-11f0-ac94-3a315803f107/35353635373637-wibe-video-1080/index.m3u8,222188774,False
https://wibes-06.wbbasket.ru/f1ab2886-fe64-11ef-9c62-ea36eb228479/35343930313938-wibe-video-720/index.m3u8,241054142,False
https://wibes-01.wbbasket.ru/4341bb86-04c9-11f0-92dc-8eda314a44ea/35363439373335-wibe-video-853/index.m3u8,317639890,False
https://wibes-03.wbbasket.ru/010be8a4-040a-11f0-839a-6e7c936943d5/35343934343533-wibe-video-606/index.m3u8,24801712,False
https://wibes-04.wbbasket.ru/d1044411-0164-11f0-b2e0-eaeef2fbbc6f/35353236313735-wibe-video-853/index.m3u8,218816073,False
https://wibes-02.wbbasket.ru/f28492b5-00e2-11f0-b50f-1e3d095f9d61/31323033303030-wibe-video-853/index.m3u8,281768863,False
https://wibes-05.wbbasket.ru/01f1ef40-fe99-11ef-8ed5-6623aa30fda9/35343934353437-wibe-video-852/index.m3u8,214106363,True
https://wibes-04.wbbasket.ru/dbbcf79e-fe67-11ef-8849-b26886296d43/36333332-wibe-video-1080/index.m3u8,254225522,False
https://wibes-01.wbbasket.ru/28326a92-00bd-11f0-8fc5-ca86a8d681a5/35353632363830-wibe-video-853/index.m3u8,225304167,False
https://wibes-06.wbbasket.ru/52fda1b5-00b6-11f0-a2e3-7245b0c14aa5/35353632343832-wibe-video-853/index.m3u8,178281204,False
https://wibes-05.wbbasket.ru/7cce58aa-01be-11f0-b456-126862b3e2ab/35353833343433-wibe-video-853/index.m3u8,219395808,False
https://wibes-07.wbbasket.ru/1f09c8fb-0558-11f0-883d-0e164a12f553/35343837373635-wibe-video-1080/index.m3u8,223745067,True
https://wibes-01.wbbasket.ru/57347a42-01b8-11f0-a8c8-7e81c276a251/383339393439-wibe-video-720/index.m3u8,166124046,False
https://wibes-06.wbbasket.ru/ed7187f0-ef17-483d-a426-6fe48444f8dc/335555-wbkids_articles_editor-video-1080/index.m3u8,47368902,False
https://wibes-01.wbbasket.ru/9057cfde-ff91-11ef-b201-de8d5f13302b/35353231343131-wibe-video-1440/index.m3u8,252601292,False
https://wibes-07.wbbasket.ru/7d1ae234-04c9-11f0-9d10-a652b316278b/35363439373335-wibe-video-853/index.m3u8,321938347,False
https://wibes-03.wbbasket.ru/8c7ace89-ff23-11ef-9d42-923d1b44cc01/35353233313337-wibe-video-852/index.m3u8,171214483,False
https://wibes-07.wbbasket.ru/e329dbea-ffde-11ef-8ed3-2e39c4fbcf3b/35353436373332-wibe-video-480/index.m3u8,272130299,True
https://wibes-01.wbbasket.ru/03ea3e8b-00da-11f0-aafd-6a421de8824f/35353035363336-wibe-video-851/index.m3u8,242545066,False
https://wibes-04.wbbasket.ru/d2a2ab97-3879-4c7e-bdda-8775fd5bbc36/614965-wbkids_articles_editor-video-1080/index.m3u8,154868150,False
https://wibes-03.wbbasket.ru/dd090924-ff01-11ef-8984-561295f0528a/35343939383538-wibe-video-853/index.m3u8,168816007,True
https://wibes-07.wbbasket.ru/5cda1b18-00dc-11f0-a10b-52a19d72346f/35353635343834-wibe-video-1080/index.m3u8,270884907,False
https://wibes-02.wbbasket.ru/992703b5-0373-11f0-b60f-6ac77fd80f6a/35353039323034-wibe-video-853/index.m3u8,293346460,False
https://wibes-04.wbbasket.ru/61815b6e-00f2-11f0-b2e0-eaeef2fbbc6f/35353636333531-wibe-video-853/index.m3u8,101781105,False
https://wibes-07.wbbasket.ru/c43745b1-ffdf-11ef-9bcc-6266c65a4e27/333637303239-wibe-video-1080/index.m3u8,239926722,False
https://wibes-01.wbbasket.ru/8ecbcb89-e9f4-11ef-9695-b204b1b3e7fa/35343837373530-wibe-video-1080/index.m3u8,274452844,False
https://wibes-06.wbbasket.ru/a68e19e1-f8d6-11ef-aa5b-3a2433e5fa40/35343837353539-wibe-video-1080/index.m3u8,226053292,True
https://wibes-02.wbbasket.ru/bab2f65b-0239-11f0-a075-12c7ba916876/35353735373535-wibe-video-768/index.m3u8,317877493,False
https://wibes-07.wbbasket.ru/0ba9b312-0021-11f0-9338-d6cab4772646/35353534353838-wibe-video-853/index.m3u8,228252290,False
https://wibes-01.wbbasket.ru/5860363f-059e-11f0-977a-6a380eec0447/35343835343136-wibe-video-720/index.m3u8,303224128,False
https://wibes-01.wbbasket.ru/1dedbbc2-ff86-11ef-b6dc-1a6f171b79c6/35353334313136-wibe-video-853/index.m3u8,139285888,True
https://wibes-07.wbbasket.ru/8febee89-0f5a-49ad-8b0d-831a5280c3cc/11166-wbkids_articles_editor-video-1080/index.m3u8,148133689,False
https://wibes-06.wbbasket.ru/fec07656-fecb-11ef-948c-dabb9d1685d8/35343939363030-wibe-video-852/index.m3u8,147396809,False
https://wibes-04.wbbasket.ru/7c007b93-fecf-11ef-84c7-1ac007fcbd5a/393732323734-wibe-video-853/index.m3u8,211172527,False
https://wibes-02.wbbasket.ru/1b80f07b-ff57-11ef-beaf-166b09e62bc6/35353238393834-wibe-video-1080/index.m3u8,306109685,True
https://wibes-04.wbbasket.ru/5bd6cb6c-e3c5-11ef-8abf-165f696456bd/33303837363938-wibe-video-1080/index.m3u8,170446078,False
https://wibes-01.wbbasket.ru/1e3552e7-fe8d-11ef-bcb9-020f9217d946/35353031343338-wibe-video-1440/index.m3u8,316005356,True
https://wibes-02.wbbasket.ru/620baece-d7f2-43d4-9d29-6e047dcb5780/31393439373233-wibe-video-1080/index.m3u8,250452343,False
https://wibes-04.wbbasket.ru/e0939815-f996-11ef-a43a-36129539114d/383235383133-wibe-video-853/index.m3u8,267095305,True
https://wibes-01.wbbasket.ru/ed628328-fe85-11ef-81e8-4ef582d76bbb/35343931333637-wibe-video-1920/index.m3u8,240455574,False
https://wibes-05.wbbasket.ru/208d55ad-0027-11f0-9700-de4e3b57c32c/35353534353535-wibe-video-1080/index.m3u8,325334580,False
https://wibes-06.wbbasket.ru/e7f3c92d-03b6-11f0-b9b6-8a5e224329ea/343936303734-wibe-video-851/index.m3u8,169502902,False
https://wibes-03.wbbasket.ru/e37d3915-fee1-11ef-b6dc-1a6f171b79c6/35343937333133-wibe-video-1920/index.m3u8,265284145,False
https://wibes-01.wbbasket.ru/dc5547f6-01a7-11f0-8f2f-16055a073cbd/35353436323031-wibe-video-720/index.m3u8,274415921,False
https://wibes-01.wbbasket.ru/47364c51-ffe9-11ef-af1f-16f1d40c9a54/35353438313234-wibe-video-1080/index.m3u8,285498072,True
https://wibes-01.wbbasket.ru/3d622cf5-03d7-11f0-b456-126862b3e2ab/35363332303430-wibe-video-1920/index.m3u8,328496323,False
https://wibes-02.wbbasket.ru/9c50ef5c-fffc-11ef-b7ca-4212597cec20/35353332313930-wibe-video-1088/index.m3u8,244638361,True
https://wibes-04.wbbasket.ru/36dc22e8-6a0a-4f84-bdf6-938b2d0db135/3981583-wbkids_articles_editor-video-1080/index.m3u8,84071249,False
https://wibes-04.wbbasket.ru/34523f17-0041-11f0-8059-92661cff1566/35353537313330-wibe-video-853/index.m3u8,162837483,True
https://wibes-03.wbbasket.ru/e6a0b537-ff4a-11ef-b6dc-1a6f171b79c6/35353137363736-wibe-video-853/index.m3u8,139500681,False
https://wibes-06.wbbasket.ru/b002022a-370c-44ca-a0d9-7e4ea57c8385/703432-wbkids_articles_editor-video-1080/index.m3u8,319569884,False
https://wibes-01.wbbasket.ru/0df2244a-058c-11f0-b244-0e52476759f8/35353337303630-wibe-video-853/index.m3u8,311485933,False
https://wibes-07.wbbasket.ru/fcdb69b3-deef-11ef-a7c9-c21f5b27b6ec/35343836363936-wibe-video-1080/index.m3u8,226967502,True
https://wibes-04.wbbasket.ru/d479c23b-fe7a-11ef-8bd3-ba22b5143e22/35343939343339-wibe-video-1080/index.m3u8,239947735,False
https://wibes-07.wbbasket.ru/4c8b3cc7-00c2-11f0-8fc5-ca86a8d681a5/35353633383134-wibe-video-1920/index.m3u8,143112034,True
https://wibes-05.wbbasket.ru/6ef6f6df-00f9-11f0-9027-9223da78cd29/35353530373531-wibe-video-444/index.m3u8,174961472,False
https://wibes-04.wbbasket.ru/39360142-fec2-11ef-a5e8-6ea5f0389a30/35343936303139-wibe-video-852/index.m3u8,294181982,False
https://wibes-06.wbbasket.ru/25117984-fe67-11ef-82a6-4aacf9b4f0ec/35343931303132-wibe-video-853/index.m3u8,137797513,False
https://wibes-04.wbbasket.ru/94467a22-0024-11f0-8f17-52490439c9ed/35353535303637-wibe-video-850/index.m3u8,248897386,True
https://wibes-02.wbbasket.ru/a3b97988-ff4a-11ef-9fe5-de40f0574c86/35353238363839-wibe-video-853/index.m3u8,265186189,False
https://wibes-07.wbbasket.ru/d201f952-96b2-4a1e-a5ea-072213e02fa6/guide-video-1080/index.m3u8,278084174,False
https://wibes-05.wbbasket.ru/10a70858-001e-11f0-8f17-52490439c9ed/35353436373838-wibe-video-854/index.m3u8,174426717,True
https://wibes-07.wbbasket.ru/747a3f7e-e6ac-11ef-a096-8af0971bf2e5/343434363130-wibe-video-1080/index.m3u8,205926346,True
https://wibes-01.wbbasket.ru/2eda8990-f050-11ef-b69d-aa2b21d79db6/35343837333830-wibe-video-606/index.m3u8,249658508,True
https://wibes-07.wbbasket.ru/b48b1bd0-6e99-4240-8828-abfb58ede6df/266569-wbkids_articles_editor-video-1080/index.m3u8,256198793,False
https://wibes-07.wbbasket.ru/81fbb22c-04c9-11f0-b346-961881f65260/35363439373335-wibe-video-852/index.m3u8,6323445,False
https://wibes-05.wbbasket.ru/d3f535b6-ff08-11ef-9a20-1e9a5227c82f/35353133353630-wibe-video-849/index.m3u8,330937055,True
https://wibes-06.wbbasket.ru/e4ba37cd-0098-11f0-b88b-a2ca27eae303/35353332373939-wibe-video-1080/index.m3u8,246375439,False
https://wibes-02.wbbasket.ru/d71dd5d1-fe9c-11ef-be1d-46e24f0bc709/35343934343330-wibe-video-1080/index.m3u8,176785157,False
https://wibes-01.wbbasket.ru/949c7a8a-004f-11f0-b2b5-ba5be5764504/35353537343134-wibe-video-853/index.m3u8,204007519,True
https://wibes-06.wbbasket.ru/0732d342-f10f-11ef-ac91-26df2dff2987/35343838323430-wibe-video-810/index.m3u8,254814634,False
https://wibes-03.wbbasket.ru/3e571944-f9b6-11ef-81e7-ce4aea199576/35343836363137-wibe-video-852/index.m3u8,181735514,True
https://wibes-06.wbbasket.ru/cac840c6-000c-11f0-ab03-ce2a2b3059a1/35353532333332-wibe-video-720/index.m3u8,165906302,True
https://wibes-05.wbbasket.ru/7228f1e3-02ae-11f0-bb15-baa94e9cdf9c/35353634303136-wibe-video-1920/index.m3u8,16236208,False
https://wibes-01.wbbasket.ru/fb42b742-04dc-11f0-9f4b-3e2a7af823fc/35363531313234-wibe-video-855/index.m3u8,182986255,False
https://wibes-06.wbbasket.ru/76d0f7c5-04b1-11f0-9611-d21f89db7acd/31343233303832-wibe-video-1080/index.m3u8,296205477,False
https://wibes-03.wbbasket.ru/65ba4832-062b-11f0-9371-36b28297cc9b/3232363039-wibe-video-1920/index.m3u8,154825825,False
https://wibes-01.wbbasket.ru/9e4e6028-ff39-11ef-88ed-460e0eec9d31/35353231353038-wibe-video-853/index.m3u8,249229075,False
https://wibes-04.wbbasket.ru/fb68b9e2-04ba-11f0-8c63-fabb595c452f/35363438373432-wibe-video-853/index.m3u8,204518427,True
https://wibes-02.wbbasket.ru/6dc0eb6b-f009-11ef-92a5-0a3acba9c417/35343838303139-wibe-video-1278/index.m3u8,261480707,False
https://wibes-06.wbbasket.ru/0e07626e-0007-11f0-a7e1-4a8ddb746382/33313131333634-wibe-video-1080/index.m3u8,145834275,True
https://wibes-02.wbbasket.ru/da9a6f17-00f8-11f0-9c6c-4e03c830c877/35353439343433-wibe-video-853/index.m3u8,320830808,True
https://wibes-01.wbbasket.ru/fae6d0d1-00fc-11f0-b9ca-ead455770a99/35343938303532-wibe-video-1080/index.m3u8,185598140,False
https://wibes-04.wbbasket.ru/f3cae3a6-00dd-11f0-b456-126862b3e2ab/35353635383935-wibe-video-853/index.m3u8,204544609,False
https://wibes-05.wbbasket.ru/b356c158-0008-11f0-8059-92661cff1566/35353435323235-wibe-video-853/index.m3u8,283566262,False
https://wibes-01.wbbasket.ru/695f6c3a-ff09-11ef-9d42-923d1b44cc01/35353134373635-wibe-video-852/index.m3u8,318215048,False
https://wibes-07.wbbasket.ru/9cce4370-ff19-11ef-90da-fa0e609547dc/31393737373033-wibe-video-853/index.m3u8,200348351,False
https://wibes-04.wbbasket.ru/3f0e6a9a-ff1a-11ef-8984-561295f0528a/35353230313837-wibe-video-853/index.m3u8,150969463,True
https://wibes-03.wbbasket.ru/3ae871b7-011e-11f0-9763-56d261be8c37/35353733303835-wibe-video-852/index.m3u8,246341973,False
https://wibes-06.wbbasket.ru/9ec0ed18-0016-11f0-926a-a247c64547dd/35353532373339-wibe-video-853/index.m3u8,163126929,False
https://wibes-02.wbbasket.ru/4eb02b9f-0015-11f0-9799-3e385ffa6709/35353533323730-wibe-video-852/index.m3u8,216613850,False
https://wibes-02.wbbasket.ru/b4873f5d-7212-40a7-8dab-7b2539346038/11166-wbkids_articles_editor-video-1080/index.m3u8,205777877,True
https://wibes-02.wbbasket.ru/14873732-00ba-11f0-8349-f6f72d14a2f8/33393231323836-wibe-video-853/index.m3u8,172681640,True
https://wibes-06.wbbasket.ru/d134d04d-ff3b-11ef-b18e-0e94a625626b/35353330393433-wibe-video-720/index.m3u8,288689644,False
https://wibes-03.wbbasket.ru/39f566e8-00b6-11f0-a864-6a02630a6ea0/35353632373631-wibe-video-852/index.m3u8,68889747,False
https://wibes-03.wbbasket.ru/9b3c167b-04c7-11f0-86e6-1a09a510c523/32343433333931-wibe-video-1088/index.m3u8,120005192,True
https://wibes-03.wbbasket.ru/bd8026ea-fe7b-11ef-8692-7a21f95c57eb/35343938303933-wibe-video-720/index.m3u8,84042686,False
https://wibes-03.wbbasket.ru/273b8cb9-f44a-11ef-87ee-aa107bdb0210/35343837373530-wibe-video-851/index.m3u8,110069731,False
https://wibes-07.wbbasket.ru/44fae4a2-2476-47e3-bc54-6508196873f3/35343833313236-guru-video-1080/index.m3u8,293513255,False
https://wibes-02.wbbasket.ru/d4cd462c-02fc-11f0-8f2f-16055a073cbd/35353731333637-wibe-video-1080/index.m3u8,223350047,False
https://wibes-03.wbbasket.ru/444218b9-febe-11ef-a210-067470d58a20/35343933313132-wibe-video-853/index.m3u8,179342260,False
https://wibes-03.wbbasket.ru/7585b3ee-0354-11f0-b50f-1e3d095f9d61/35363138353730-wibe-video-853/index.m3u8,101919446,False
https://wibes-02.wbbasket.ru/1ea95046-ff4e-11ef-9fe5-de40f0574c86/35353032313030-wibe-video-853/index.m3u8,233505780,False
https://wibes-07.wbbasket.ru/9100c192-0300-11f0-bb15-baa94e9cdf9c/35333032373938-wibe-video-852/index.m3u8,243418347,True
https://wibes-03.wbbasket.ru/259af20e-04cd-11f0-89e7-c2e4568c7690/35353531393137-wibe-video-720/index.m3u8,179994417,False
https://wibes-07.wbbasket.ru/5bd7b5d8-ff50-11ef-84c7-1ac007fcbd5a/35343930383231-wibe-video-853/index.m3u8,69317471,False
https://wibes-04.wbbasket.ru/fcd9d20b-0286-11f0-9c6c-4e03c830c877/35353736393931-wibe-video-853/index.m3u8,305898218,False
https://wibes-05.wbbasket.ru/d01092af-1879-4dd6-86a8-2d722cad013e/33383938393331-guru-video-1080/index.m3u8,48824450,False
https://wibes-01.wbbasket.ru/f625b2d9-f041-11ef-a4e8-16b3f54443df/35343837373733-wibe-video-1920/index.m3u8,303240677,False
https://wibes-03.wbbasket.ru/2356c25d-ff49-11ef-b00c-8e3fd4d5d107/33383434343636-wibe-video-1080/index.m3u8,294086163,False
https://wibes-04.wbbasket.ru/740f9e83-fe91-11ef-862a-6ad9e5766242/31383436333933-wibe-video-720/index.m3u8,267317581,False
https://wibes-01.wbbasket.ru/8f684177-000c-11f0-a0ae-eea6100abea2/35353532343337-wibe-video-852/index.m3u8,216915713,False
https://wibes-03.wbbasket.ru/8e0adc58-4b1d-4b7d-b53f-3b767584ea31/12974-wbkids_articles_editor-video-1080/index.m3u8,99623874,False
https://wibes-04.wbbasket.ru/d5087645-ae43-4dcb-8280-274c5261390c/guru-video-1080/index.m3u8,45648413,False
https://wibes-06.wbbasket.ru/047233de-02ae-11f0-9c53-b29a98419bd7/35343839353336-wibe-video-1920/index.m3u8,175296827,True
https://wibes-07.wbbasket.ru/b314b014-0345-11f0-9763-56d261be8c37/35363136333831-wibe-video-853/index.m3u8,170364980,True
https://wibes-01.wbbasket.ru/afc05f2b-ed18-11ef-ba7a-4a3ead760bf3/32363731323939-wibe-video-1080/index.m3u8,316459206,False
https://wibes-07.wbbasket.ru/d2c21ba8-0007-11f0-8ed3-2e39c4fbcf3b/35353331323039-wibe-video-1080/index.m3u8,189109521,True
https://wibes-02.wbbasket.ru/6c075e48-0640-11f0-afdd-561eb142357a/32363037313439-wibe-video-480/index.m3u8,181580817,True
https://wibes-01.wbbasket.ru/9d999636-0038-11f0-8246-525664b1ac24/32383138353235-wibe-video-640/index.m3u8,148874218,False
https://wibes-06.wbbasket.ru/61f0d1c7-0187-11f0-b2e0-eaeef2fbbc6f/35353639343635-wibe-video-850/index.m3u8,13434274,False
https://wibes-02.wbbasket.ru/21cb316f-eec9-11ef-80e6-cef90c3fa9c0/35343836363831-wibe-video-1080/index.m3u8,45373260,False
https://wibes-03.wbbasket.ru/19ebf09e-0303-11f0-8627-ba328fa2e6be/33323631303632-wibe-video-1080/index.m3u8,329435670,True
https://wibes-05.wbbasket.ru/0f6f4153-fe8e-11ef-9726-e6bc64a66126/35353035363130-wibe-video-1080/index.m3u8,215774441,False
https://wibes-07.wbbasket.ru/54f20521-0361-11f0-a4fa-1a5b6facf67c/35353536313839-wibe-video-1080/index.m3u8,204237221,True
https://wibes-07.wbbasket.ru/61624fd3-e47a-11ef-bd83-2a655f650d5f/32353133383231-wibe-video-1080/index.m3u8,211690808,False
https://wibes-06.wbbasket.ru/88150902-000b-11f0-b348-2a871039f555/35353532343039-wibe-video-852/index.m3u8,61956289,False
https://wibes-03.wbbasket.ru/9af597b6-9a6e-4293-aa23-13b0d52b32c4/35343037313830-guru-video-1080/index.m3u8,307397292,False
https://wibes-04.wbbasket.ru/679ddafd-f74e-11ef-aa5b-3a2433e5fa40/31353239343533-wibe-video-720/index.m3u8,326374857,False
https://wibes-07.wbbasket.ru/cafb6382-030a-11f0-9c53-b29a98419bd7/35353235363537-wibe-video-1920/index.m3u8,256945542,False
https://wibes-07.wbbasket.ru/004d28d0-e7b1-11ef-a050-7ad0eb437c6f/343337303036-wibe-video-1080/index.m3u8,284225061,False
https://wibes-04.wbbasket.ru/9068135d-0007-11f0-a6ce-ae5846b52679/35343839363239-wibe-video-1080/index.m3u8,250994329,True
https://wibes-07.wbbasket.ru/4d8992ec-00b5-11f0-8349-f6f72d14a2f8/35353632343832-wibe-video-853/index.m3u8,78491127,True
https://wibes-07.wbbasket.ru/d58750c9-0043-11f0-9338-d6cab4772646/35353537343938-wibe-video-853/index.m3u8,65338700,False
https://wibes-05.wbbasket.ru/7c2fa1f7-0313-11f0-9d71-72872100160c/35353935323432-wibe-video-1080/index.m3u8,277854926,False
https://wibes-06.wbbasket.ru/13ba94d6-04ec-11f0-a975-da6f243ee233/35363533343030-wibe-video-1078/index.m3u8,186732516,False
https://wibes-05.wbbasket.ru/833d0dea-01ea-11f0-b2e0-eaeef2fbbc6f/35353032373831-wibe-video-1920/index.m3u8,151345499,False
https://wibes-04.wbbasket.ru/8dc1de20-402a-4831-be2c-6121684d54b7/1397963-wbkids_articles_editor-video-1080/index.m3u8,206244136,True
https://wibes-04.wbbasket.ru/03c55a86-fea5-11ef-95a5-e298f99dcad9/33343434303032-wibe-video-1080/index.m3u8,234021906,False
https://wibes-03.wbbasket.ru/443c9f11-ff71-11ef-9792-9e17d00abd16/35353430333530-wibe-video-1080/index.m3u8,283070681,True
https://wibes-07.wbbasket.ru/aa745f95-0032-11f0-bde8-169242307da4/33373835373738-wibe-video-1080/index.m3u8,204915999,False
https://wibes-02.wbbasket.ru/a0d63f5e-fe93-11ef-95a5-e298f99dcad9/35343834383735-wibe-video-1080/index.m3u8,163143678,False
https://wibes-07.wbbasket.ru/59505054-04fd-11f0-a155-ae53266d1310/35353033343530-wibe-video-1080/index.m3u8,288633064,True
https://wibes-06.wbbasket.ru/5e909c83-016a-11f0-9c74-6226313c139f/35353735323532-wibe-video-1080/index.m3u8,169724339,False
https://wibes-04.wbbasket.ru/289f6e61-0262-11f0-b2e0-eaeef2fbbc6f/333039373630-wibe-video-852/index.m3u8,300447777,False
https://wibes-05.wbbasket.ru/05423cc8-00c0-11f0-8fc5-ca86a8d681a5/35353633363335-wibe-video-853/index.m3u8,221506944,True
https://wibes-06.wbbasket.ru/ab9e48d6-04a6-11f0-8c63-fabb595c452f/35363436373535-wibe-video-853/index.m3u8,16943093,False
https://wibes-01.wbbasket.ru/0b067043-ff3a-11ef-a6ad-625ed44c2124/35353232313635-wibe-video-720/index.m3u8,270153565,False
https://wibes-06.wbbasket.ru/9416fd0b-0027-11f0-87bf-f2f8d1ae1c83/35353532333332-wibe-video-720/index.m3u8,9043254,False
https://wibes-01.wbbasket.ru/79bdfe5a-01ea-11f0-9c6c-4e03c830c877/35353837313935-wibe-video-851/index.m3u8,294219026,False
https://wibes-03.wbbasket.ru/41ae28a9-fffd-11ef-b0e8-d2a38067b662/35353530353937-wibe-video-1920/index.m3u8,223575994,False
https://wibes-06.wbbasket.ru/03bb2db1-0618-11f0-a5af-3657918b8448/35363032323536-wibe-video-853/index.m3u8,229164737,False
https://wibes-03.wbbasket.ru/d85788c2-fe5b-11ef-8c9c-aa59658c175e/32313431333139-wibe-video-1080/index.m3u8,320309230,True
https://wibes-01.wbbasket.ru/e8a5e669-027f-11f0-908d-5e1bc4da39d8/35363030303632-wibe-video-854/index.m3u8,224226424,False
https://wibes-07.wbbasket.ru/6f964675-000a-11f0-a72a-ce06f961be94/35343838363535-wibe-video-480/index.m3u8,145284639,False
https://wibes-03.wbbasket.ru/b27863a8-0565-11f0-86c3-5ed9b908ab1e/323239373239-wibe-video-1920/index.m3u8,151851762,True
https://wibes-02.wbbasket.ru/053a089f-e857-11ef-8520-b663b05cd8b7/363337343835-wibe-video-1080/index.m3u8,99986175,False
https://wibes-04.wbbasket.ru/6acae2e1-f20d-11ef-ac91-26df2dff2987/35343836393738-wibe-video-1080/index.m3u8,143833078,False
https://wibes-01.wbbasket.ru/e44e421c-e150-11ef-bafc-b6fd607b25da/33303837363938-wibe-video-1080/index.m3u8,303679931,False
https://wibes-06.wbbasket.ru/9142890c-fe78-11ef-9d42-923d1b44cc01/35343934353030-wibe-video-853/index.m3u8,355654069,False
https://wibes-04.wbbasket.ru/cb40df01-e7ea-11ef-b931-26300c3e8314/35343837313337-wibe-video-1080/index.m3u8,229315492,True
https://wibes-02.wbbasket.ru/221a273b-fff3-11ef-9338-d6cab4772646/35353439313931-wibe-video-853/index.m3u8,13289766,False
https://wibes-01.wbbasket.ru/feba18e3-343b-4831-ba53-939a92ed2ec0/35343037313830-guru-video-1080/index.m3u8,267317581,True
https://wibes-01.wbbasket.ru/c0690e72-001d-11f0-bde8-169242307da4/35353434373539-wibe-video-1080/index.m3u8,209903068,True
https://wibes-05.wbbasket.ru/154f29a4-ffc8-11ef-8591-66f871fc9a6f/35343938363339-wibe-video-720/index.m3u8,178677233,False
https://wibes-01.wbbasket.ru/7202c998-ff5e-11ef-948c-dabb9d1685d8/31343935373838-wibe-video-853/index.m3u8,16384876,False
https://wibes-07.wbbasket.ru/9f5fa74c-009a-11f0-bcb3-8614cca54871/363334363434-wibe-video-1029/index.m3u8,138242741,False
https://wibes-04.wbbasket.ru/8c09624a-0327-11f0-bda7-0e990ecff956/35353237393133-wibe-video-1080/index.m3u8,309446998,False
https://wibes-05.wbbasket.ru/32c138af-ffd4-11ef-801d-fe78801d0348/35343930303939-wibe-video-1080/index.m3u8,176385706,False
https://wibes-05.wbbasket.ru/e4d067cd-f416-11ef-b37f-3e936e6ddb99/32323836373332-wibe-video-1920/index.m3u8,179507859,True
https://wibes-01.wbbasket.ru/2a081a59-01d2-11f0-8d72-5ae3600e722e/31373037303937-wibe-video-720/index.m3u8,243033826,False
https://wibes-05.wbbasket.ru/60d5025b-de1f-11ef-8808-8e7475e842b6/35343836333335-wibe-video-1080/index.m3u8,224549553,False
https://wibes-01.wbbasket.ru/40e655aa-f75b-11ef-aa5b-3a2433e5fa40/35343837313139-wibe-video-810/index.m3u8,166721572,True
https://wibes-04.wbbasket.ru/2f7a62d1-ff1c-11ef-85b7-aec3799c8825/35353134333931-wibe-video-1080/index.m3u8,230753176,False
https://wibes-01.wbbasket.ru/6187e2af-0346-11f0-8818-3ac28e8805f4/35363133343538-wibe-video-1080/index.m3u8,250658456,False
https://wibes-03.wbbasket.ru/648f43a1-0684-11f0-9a56-aebb5d838b7f/35353633343935-wibe-video-720/index.m3u8,161399600,False
https://wibes-02.wbbasket.ru/0ab06009-fef5-11ef-a58a-0ab073837fcd/35353138343131-wibe-video-853/index.m3u8,178497319,False
https://wibes-01.wbbasket.ru/26a1b2ad-ff1a-11ef-adf6-8a8bdf89fe38/313232363331-wibe-video-720/index.m3u8,311638368,False
https://wibes-04.wbbasket.ru/767cbd3b-004f-11f0-b4c8-5e949b77d53c/35353539303534-wibe-video-1080/index.m3u8,318456689,False
https://wibes-02.wbbasket.ru/5cd14ad9-ff5e-11ef-948c-dabb9d1685d8/32373032393335-wibe-video-853/index.m3u8,233669824,True
https://wibes-01.wbbasket.ru/99687a27-fff0-11ef-b13a-b24c2cad8ad7/31333635373232-wibe-video-960/index.m3u8,316805878,True
https://wibes-06.wbbasket.ru/1a38e154-0199-11f0-b9ca-ead455770a99/35353639383239-wibe-video-1080/index.m3u8,279933762,False
https://wibes-03.wbbasket.ru/2356c25d-ff49-11ef-b00c-8e3fd4d5d107/33383434343636-wibe-video-1080/index.m3u8,208437885,False
https://wibes-06.wbbasket.ru/6f0c9f55-fe98-11ef-a433-9ec63ec0ea9e/32323338303034-wibe-video-1080/index.m3u8,307094273,False
https://wibes-06.wbbasket.ru/e4ba37cd-0098-11f0-b88b-a2ca27eae303/35353332373939-wibe-video-1080/index.m3u8,171278399,False
https://wibes-03.wbbasket.ru/fab56279-cc7a-4b2c-957d-ea74a173105d/32343838353632-guru-video-1080/index.m3u8,236647542,False
https://wibes-04.wbbasket.ru/2c79d59d-c95c-4690-817a-115548912101/32343837393837-guru-video-1080/index.m3u8,10533590,False
https://wibes-05.wbbasket.ru/9fbb6745-fe8e-11ef-a58a-0ab073837fcd/35343934353437-wibe-video-853/index.m3u8,229897742,True
https://wibes-02.wbbasket.ru/08887853-ff49-11ef-9a20-1e9a5227c82f/35343935343838-wibe-video-1280/index.m3u8,345563670,True
https://wibes-07.wbbasket.ru/a5f6624d-fe81-11ef-8870-3ad0069783e1/35353030343634-wibe-video-720/index.m3u8,234736062,False
https://wibes-05.wbbasket.ru/30bf5ea0-04a5-11f0-9045-4a17eb7d7c62/35363436373535-wibe-video-853/index.m3u8,311041757,False
https://wibes-01.wbbasket.ru/cd361de9-e541-11ef-b0fb-7625134a9bcb/35343837303433-wibe-video-1080/index.m3u8,225941981,True
https://wibes-03.wbbasket.ru/69720c39-f24a-4a5a-8ee3-ae9001c31b1c/32303630353434-guru-video-1080/index.m3u8,147140336,False
https://wibes-04.wbbasket.ru/59bba439-cd51-4dcb-8db8-d29428bca70f/1273268-wbkids_articles_editor-video-1080/index.m3u8,50455274,False
https://wibes-06.wbbasket.ru/4fd9b8cb-ff74-11ef-8af2-b61ccf2d77c5/35343938303532-wibe-video-1920/index.m3u8,241007563,False
https://wibes-05.wbbasket.ru/136ab63f-e881-11ef-8520-b663b05cd8b7/31333738393137-wibe-video-1080/index.m3u8,162562350,True
https://wibes-07.wbbasket.ru/91dea27c-026f-11f0-a2b2-a2b330640b0b/313436383730-wibe-video-480/index.m3u8,273240629,False
https://wibes-05.wbbasket.ru/e67d98c8-f34b-11ef-bb8b-120c8248da7e/35343837323031-wibe-video-720/index.m3u8,43919303,False
https://wibes-07.wbbasket.ru/f56ba13d-fea1-11ef-a99f-9e52f2dfcf18/35343932313437-wibe-video-853/index.m3u8,219092085,False
https://wibes-05.wbbasket.ru/7d354946-ff2f-11ef-a6f1-9acef21d9a46/35353032363234-wibe-video-1080/index.m3u8,261380139,False
https://wibes-02.wbbasket.ru/59c2fe9c-ff34-11ef-84c7-1ac007fcbd5a/35353330313635-wibe-video-853/index.m3u8,134375008,False
https://wibes-07.wbbasket.ru/46f0926f-df33-11ef-8ed8-8ebdf4a0606c/34393031363039-wibe-video-1080/index.m3u8,257041742,True
https://wibes-03.wbbasket.ru/ec574152-ff04-11ef-948c-dabb9d1685d8/35353230303935-wibe-video-853/index.m3u8,91258980,True
https://wibes-07.wbbasket.ru/121bfa15-fff7-11ef-a72a-ce06f961be94/32303936373132-wibe-video-1080/index.m3u8,120980748,True
https://wibes-02.wbbasket.ru/3806415d-fe6c-11ef-bab2-6a1d16c14d83/35343932323232-wibe-video-1080/index.m3u8,234414195,True
https://wibes-07.wbbasket.ru/5a84d38d-dfa5-11ef-8ed8-8ebdf4a0606c/35343836353932-wibe-video-1080/index.m3u8,211305107,False
https://wibes-01.wbbasket.ru/c2f8fc1e-0121-11f0-ae01-8efdd448a88b/35353338373937-wibe-video-1920/index.m3u8,48451996,False
https://wibes-02.wbbasket.ru/37e80afc-fe73-11ef-a2b1-5666795abbe7/35343935313732-wibe-video-1080/index.m3u8,172042533,False
https://wibes-06.wbbasket.ru/061e2a89-e073-11ef-839f-9eee6e4328c8/35343836383539-wibe-video-1080/index.m3u8,93235266,False
https://wibes-02.wbbasket.ru/18236083-224f-40fb-9ce9-a983533508f4/32373938373132-guru-video-1080/index.m3u8,228298770,False
https://wibes-02.wbbasket.ru/24c126e6-ff02-11ef-9d42-923d1b44cc01/35353131383339-wibe-video-849/index.m3u8,169928718,True
https://wibes-05.wbbasket.ru/ade142ef-5369-47d0-80df-4677a689c225/33383938393331-guru-video-1080/index.m3u8,167353192,False
https://wibes-02.wbbasket.ru/b16348ab-00c2-11f0-9945-fa3e34f34882/35353633383134-wibe-video-849/index.m3u8,38905340,False
https://wibes-05.wbbasket.ru/b8ee907f-ffea-11ef-aeb6-a63d1273ccf8/35353435323235-wibe-video-853/index.m3u8,149061604,False
https://wibes-04.wbbasket.ru/c524f36a-0033-11f0-a432-d6cc87002afd/323239373239-wibe-video-1920/index.m3u8,51998974,False
https://wibes-07.wbbasket.ru/8600d26d-06f1-11f0-97b9-eeadb59cb514/35353536303836-wibe-video-1080/index.m3u8,230892803,True
https://wibes-07.wbbasket.ru/31ff11b1-0194-11f0-a338-ae8396e9d04e/35353436313936-wibe-video-960/index.m3u8,97796429,True
https://wibes-03.wbbasket.ru/836d24b1-0043-11f0-8f17-52490439c9ed/35353537343938-wibe-video-854/index.m3u8,270496006,True
https://wibes-07.wbbasket.ru/7a14092b-f009-11ef-a14b-461941dcea98/35343838303139-wibe-video-1920/index.m3u8,204518427,False
https://wibes-02.wbbasket.ru/8c079a27-8a91-418b-a436-0470e82ad5dc/35313238353331-guru-video-1080/index.m3u8,206397215,False
https://wibes-03.wbbasket.ru/806fa42b-294f-4622-be9e-6ed26807d2da/35343834363035-guru-video-1080/index.m3u8,150217276,False
https://wibes-06.wbbasket.ru/d44ae4c4-017b-11f0-908d-5e1bc4da39d8/35353235323438-wibe-video-1920/index.m3u8,157051574,False
https://wibes-01.wbbasket.ru/0268ad56-ff72-11ef-825f-9e88c83c4058/35343930383231-wibe-video-1920/index.m3u8,239344387,True
https://wibes-04.wbbasket.ru/74de3399-9317-4a24-9393-c08461d0c394/31353239323936-wibe-video-1080/index.m3u8,297439423,False
https://wibes-07.wbbasket.ru/d2213295-f5af-11ef-9667-42e59608de03/35343837303938-wibe-video-720/index.m3u8,176795764,False
https://wibes-02.wbbasket.ru/e8f59fce-e7cf-11ef-bd1e-22560ab4a246/33323830323335-wibe-video-1080/index.m3u8,269960855,False
https://wibes-04.wbbasket.ru/cc01331a-0558-11f0-883d-0e164a12f553/35353630303131-wibe-video-960/index.m3u8,222331320,False
https://wibes-03.wbbasket.ru/2c3b5c2c-029a-11f0-b9ca-ead455770a99/35353837373836-wibe-video-720/index.m3u8,231200223,False
https://wibes-04.wbbasket.ru/4de3a5d2-ff4a-11ef-a91e-aec03e219bab/35353238363839-wibe-video-852/index.m3u8,188864461,False
https://wibes-06.wbbasket.ru/4fc05b20-ecf8-11ef-abe1-428d42248d0a/35343837373535-wibe-video-1080/index.m3u8,273914426,False
https://wibes-06.wbbasket.ru/9936f780-ff8e-11ef-8eba-5ee6e63afbb9/35353135313939-wibe-video-720/index.m3u8,177673512,False
https://wibes-03.wbbasket.ru/83a9eb2c-04ea-11f0-9115-ee754447eb85/35363339303431-wibe-video-720/index.m3u8,17055393,False
https://wibes-01.wbbasket.ru/c73c0f97-f501-11ef-9667-42e59608de03/35343838353839-wibe-video-1072/index.m3u8,299639456,False
https://wibes-07.wbbasket.ru/a7906c2d-dfd5-11ef-9046-f65cc028d6ba/35343836333232-wibe-video-1080/index.m3u8,65338696,False
https://wibes-04.wbbasket.ru/37abbd1b-ff39-11ef-8984-561295f0528a/35343934393633-wibe-video-853/index.m3u8,197604982,True
https://wibes-02.wbbasket.ru/549b791e-0313-11f0-9fee-b2a7a78f1e26/35353639383335-wibe-video-1080/index.m3u8,166892895,False
https://wibes-02.wbbasket.ru/725c99b1-fea9-11ef-839d-da7022909e78/35353132323531-wibe-video-852/index.m3u8,152490325,False
https://wibes-05.wbbasket.ru/b59aac3b-00f9-11f0-b83b-827defdc7dc9/35353639313636-wibe-video-720/index.m3u8,257226538,False
https://wibes-07.wbbasket.ru/ef14f6c7-054a-11f0-83c5-462160a42f2a/35353437363636-wibe-video-1080/index.m3u8,273916247,False
https://wibes-02.wbbasket.ru/42c47e8b-0013-11f0-926a-a247c64547dd/35353533323834-wibe-video-853/index.m3u8,251027933,False
https://wibes-05.wbbasket.ru/5d4a8b5a-011f-11f0-aff0-ca914550bbaa/35353435313733-wibe-video-1920/index.m3u8,261108691,False
https://wibes-05.wbbasket.ru/391cf783-0356-11f0-86d8-de26e30c91f1/33333830383430-wibe-video-1080/index.m3u8,186888453,False
https://wibes-05.wbbasket.ru/3a99b72e-00e5-11f0-908d-5e1bc4da39d8/35353533323635-wibe-video-1920/index.m3u8,283341161,False
https://wibes-07.wbbasket.ru/ad34baec-e799-11ef-8076-bebf2b0a4193/333935343533-wibe-video-1080/index.m3u8,140710016,True
https://wibes-01.wbbasket.ru/bd2b3851-e7bf-11ef-b931-26300c3e8314/3934343636-wibe-video-1080/index.m3u8,35394784,False
https://wibes-03.wbbasket.ru/1357702c-f33e-4371-956f-879b112041d2/guru-video-1080/index.m3u8,43471460,True
https://wibes-05.wbbasket.ru/be405703-fea8-11ef-90a5-b6b8daf29a7e/35343933313438-wibe-video-852/index.m3u8,170716701,True
https://wibes-06.wbbasket.ru/c28561d9-ff1e-11ef-b050-a626440bc9c2/35353231353638-wibe-video-720/index.m3u8,73266031,False
https://wibes-06.wbbasket.ru/bc8890c6-0293-11f0-b60f-6ac77fd80f6a/35363031373737-wibe-video-853/index.m3u8,257197126,False
https://wibes-03.wbbasket.ru/9d904cb5-ff0e-11ef-877c-564bac811afe/32393237393038-wibe-video-720/index.m3u8,243431738,False
https://wibes-06.wbbasket.ru/c95b6740-0352-11f0-836a-be4ac8100c38/33393333393432-wibe-video-960/index.m3u8,265414261,False
https://wibes-01.wbbasket.ru/4286dd22-ff74-11ef-bf22-9a340fda2819/373232363536-wibe-video-1080/index.m3u8,199576192,False
https://wibes-02.wbbasket.ru/5be111e5-f046-11ef-9842-428fe5139909/35343837383639-wibe-video-810/index.m3u8,250645441,False
https://wibes-01.wbbasket.ru/505401e3-0355-11f0-ae01-8efdd448a88b/35363139313530-wibe-video-853/index.m3u8,220289982,False
https://wibes-03.wbbasket.ru/74ec9947-ff75-11ef-8eba-5ee6e63afbb9/35353031353733-wibe-video-1080/index.m3u8,143125715,False
https://wibes-05.wbbasket.ru/06be79f6-03ec-11f0-9158-a6e9292d8806/35353939373430-wibe-video-536/index.m3u8,177839790,True
https://wibes-07.wbbasket.ru/b9d78ba8-ff46-11ef-ae99-6652aad683d8/35353332303539-wibe-video-720/index.m3u8,349428094,True
https://wibes-01.wbbasket.ru/53657a0a-ffc9-11ef-8edd-42bad6f4a59d/35343932353136-wibe-video-720/index.m3u8,348485823,False
https://wibes-05.wbbasket.ru/87a0a426-ff5f-11ef-9422-0659c9fb747f/31323137393936-wibe-video-1080/index.m3u8,178748061,False
https://wibes-01.wbbasket.ru/716f03dd-0750-11f0-bed2-e6451c298353/35363736353237-wibe-video-720/index.m3u8,281827879,True
https://wibes-05.wbbasket.ru/5a094c9c-eecb-11ef-a0a3-8a65e354ab8b/32323836353737-wibe-video-1080/index.m3u8,191846065,False
https://wibes-07.wbbasket.ru/c62a43d2-ff67-11ef-af61-d26bd23330e5/35353338373937-wibe-video-1920/index.m3u8,211719027,False
https://wibes-05.wbbasket.ru/f2a413f2-0368-11f0-b858-7a768b6c9c53/35353233393135-wibe-video-720/index.m3u8,182812473,False
https://wibes-04.wbbasket.ru/509fd924-f2ad-11ef-a990-a66fb4621fd8/35343838303734-wibe-video-853/index.m3u8,337771966,False
https://wibes-02.wbbasket.ru/8166c390-0295-11f0-b2e0-eaeef2fbbc6f/35363031373737-wibe-video-853/index.m3u8,13044192,False
https://wibes-03.wbbasket.ru/5275f3b2-fe68-11ef-a041-4e2bb837728f/35343839363835-wibe-video-720/index.m3u8,323824145,False
https://wibes-02.wbbasket.ru/8eaeaa53-703e-4181-9cfe-7e73d9e25391/11166-wbkids_articles_editor-video-1080/index.m3u8,347306941,False
https://wibes-07.wbbasket.ru/9923f62e-f432-11ef-a6f6-6e7247463716/35343836313736-wibe-video-720/index.m3u8,125883468,False
https://wibes-02.wbbasket.ru/49a5ff20-f85c-11ef-9e9c-ceba80c61639/35343838313137-wibe-video-852/index.m3u8,264648418,False
https://wibes-03.wbbasket.ru/13cc7d56-dd63-11ef-b940-529959f97663/35343836333232-wibe-video-1080/index.m3u8,153426417,True
https://wibes-06.wbbasket.ru/2df93eb6-070a-11f0-9d4b-6e3e4dab5270/35353333333236-wibe-video-1080/index.m3u8,290031763,False
https://wibes-02.wbbasket.ru/a7bfe561-f474-11ef-8b11-4a06bc1c76b9/343739383839-wibe-video-853/index.m3u8,222270553,False
https://wibes-03.wbbasket.ru/40240a2a-a8d2-46d3-9747-f69f77f4492c/guru-video-1080/index.m3u8,124896200,False
https://wibes-03.wbbasket.ru/10a2a800-ff59-11ef-bdc3-d60f5e70821f/32373837353538-wibe-video-1080/index.m3u8,171261022,False
https://wibes-03.wbbasket.ru/916417e2-0326-11f0-8df2-9e929375ee8b/3731383336-wibe-video-1080/index.m3u8,165233024,False
https://wibes-04.wbbasket.ru/8d8fabee-00b3-11f0-b810-a2d40a032259/35353632343832-wibe-video-853/index.m3u8,231055873,True
https://wibes-07.wbbasket.ru/fec0569b-03fd-11f0-b2e0-eaeef2fbbc6f/35363336393638-wibe-video-853/index.m3u8,211117530,False
https://wibes-06.wbbasket.ru/e4b6e666-0439-11f0-a5b6-4e00de2fba34/31383432333030-wibe-video-720/index.m3u8,240652668,False
https://wibes-07.wbbasket.ru/b8ffb5a0-ff02-11ef-a5e8-6ea5f0389a30/35353132343436-wibe-video-853/index.m3u8,31192008,False
https://wibes-07.wbbasket.ru/765dcec0-0012-11f0-b0bc-927aa2142b9c/35353137343636-wibe-video-853/index.m3u8,241166212,False
https://wibes-01.wbbasket.ru/3d622cf5-03d7-11f0-b456-126862b3e2ab/35363332303430-wibe-video-1920/index.m3u8,259761388,False
https://wibes-03.wbbasket.ru/7c6c523d-031d-11f0-9c53-b29a98419bd7/35353838393435-wibe-video-853/index.m3u8,166319813,False
https://wibes-06.wbbasket.ru/574db478-008b-11f0-b348-2a871039f555/353539313234-wibe-video-853/index.m3u8,320830808,True
https://wibes-06.wbbasket.ru/34aaf3f2-0376-11f0-b858-7a768b6c9c53/32363739373834-wibe-video-1080/index.m3u8,216089991,True
https://wibes-01.wbbasket.ru/26a1b2ad-ff1a-11ef-adf6-8a8bdf89fe38/313232363331-wibe-video-720/index.m3u8,228286567,False
https://wibes-01.wbbasket.ru/148f8a4b-0354-11f0-98eb-82be763664e1/34373833313833-wibe-video-720/index.m3u8,358779965,True
https://wibes-04.wbbasket.ru/a4537ef2-0293-11f0-ae01-8efdd448a88b/35363031373737-wibe-video-853/index.m3u8,246335692,False
https://wibes-02.wbbasket.ru/258c5d6e-ff7f-11ef-a58a-0ab073837fcd/35343930383231-wibe-video-1280/index.m3u8,206395272,False
https://wibes-07.wbbasket.ru/d84909fa-f08f-11ef-957e-32d7f3fa4d67/35343837373836-wibe-video-853/index.m3u8,261252962,True
https://wibes-04.wbbasket.ru/338ba109-000c-11f0-bcde-3666586f01ac/35343937383132-wibe-video-656/index.m3u8,324966991,False
https://wibes-04.wbbasket.ru/0e057782-ff30-11ef-b119-9a14d6b3cef0/35353133343034-wibe-video-1080/index.m3u8,210416014,False
https://wibes-01.wbbasket.ru/c01dd3a5-05a5-11f0-9f77-7e9d9b82b327/supplier-192573-wibe-video-1080/index.m3u8,4912837,False
https://wibes-04.wbbasket.ru/e89871b7-016b-11f0-8627-ba328fa2e6be/35353735333532-wibe-video-720/index.m3u8,255197415,False
https://wibes-07.wbbasket.ru/634caba8-ff6d-11ef-bcc8-faf073ca0c89/383632343036-wibe-video-1080/index.m3u8,162031002,False
https://wibes-05.wbbasket.ru/aa38f482-04cf-11f0-b481-7e10cdda48b0/35363530323031-wibe-video-1920/index.m3u8,78823619,False
https://wibes-02.wbbasket.ru/a0e4e689-00c4-11f0-8f8e-8ea773e87bd4/343439383736-wibe-video-720/index.m3u8,241651142,False
https://wibes-06.wbbasket.ru/2702f99c-ff00-11ef-8659-d61ee33cfd39/35343231303536-wibe-video-853/index.m3u8,35456555,False
https://wibes-07.wbbasket.ru/c948dd2c-d6f3-4dfe-8bec-c54012412d52/346472-wbkids_articles_editor-video-1080/index.m3u8,162562350,False
https://wibes-02.wbbasket.ru/70e6ed87-ff05-11ef-84c7-1ac007fcbd5a/35343936333435-wibe-video-480/index.m3u8,229470701,False
https://wibes-03.wbbasket.ru/81af9f2e-deda-11ef-9f62-de5cc747d05a/33333830363436-guru-video-1080/index.m3u8,228874111,False
https://wibes-01.wbbasket.ru/1edcc3c5-85af-4b37-90ad-e9683ebc4881/112913-wbkids_articles_editor-video-1080/index.m3u8,219502079,False
https://wibes-01.wbbasket.ru/f4a355c0-fe93-11ef-baea-8e58deb8d7e1/35353036353130-wibe-video-1080/index.m3u8,234725550,True
https://wibes-05.wbbasket.ru/9b5401de-ed47-11ef-a0a3-8a65e354ab8b/32313632323039-wibe-video-1080/index.m3u8,149061431,False
https://wibes-04.wbbasket.ru/44925573-ff1d-11ef-84c7-1ac007fcbd5a/35353230313837-wibe-video-853/index.m3u8,216142434,False
https://wibes-01.wbbasket.ru/c7a55929-ff2e-11ef-a663-2a692d7a947a/35353238373134-wibe-video-1080/index.m3u8,270569812,False
https://wibes-07.wbbasket.ru/cb909f0e-02ef-11f0-b858-7a768b6c9c53/32343237333031-wibe-video-1080/index.m3u8,278944904,False
https://wibes-03.wbbasket.ru/a6a1396b-01de-11f0-9027-9223da78cd29/35353837313935-wibe-video-1080/index.m3u8,320366038,True
https://wibes-01.wbbasket.ru/1b271682-0025-11f0-82cd-d2c7fd0acdb2/35353031303130-wibe-video-1080/index.m3u8,224320321,True
https://wibes-05.wbbasket.ru/d0ccced3-ff4a-11ef-8c8e-9eada56a1e70/35353238363839-wibe-video-853/index.m3u8,8996839,False
https://wibes-03.wbbasket.ru/8425b494-ff24-11ef-9361-5e8fc78b1494/35353236323039-wibe-video-720/index.m3u8,157313976,False
https://wibes-01.wbbasket.ru/bcb05fa3-ff4f-11ef-90a5-b6b8daf29a7e/35343930383231-wibe-video-853/index.m3u8,171278401,False
https://wibes-04.wbbasket.ru/e3e446cf-01c3-11f0-a70a-2e5e9a751d71/35353736333731-wibe-video-1080/index.m3u8,163912480,False
https://wibes-01.wbbasket.ru/02676264-00b9-11f0-a222-1e0689ece429/35313131383335-wibe-video-852/index.m3u8,186700812,False
https://wibes-01.wbbasket.ru/c4250661-fec5-11ef-9d42-923d1b44cc01/35343939393836-wibe-video-1920/index.m3u8,296303426,False
https://wibes-06.wbbasket.ru/9f4fbdd9-ffef-11ef-a3da-62ef84706728/383335313039-wibe-video-1080/index.m3u8,246677112,False
https://wibes-04.wbbasket.ru/4b0a3f2e-ff19-11ef-b050-a626440bc9c2/35343937303738-wibe-video-720/index.m3u8,225516648,False
https://wibes-06.wbbasket.ru/d4ebc314-059b-11f0-93f6-220b6a0b85fd/383733343935-wibe-video-852/index.m3u8,312834313,False
https://wibes-07.wbbasket.ru/1d100b09-012e-11f0-9027-9223da78cd29/35353539333938-wibe-video-1080/index.m3u8,168908269,False
https://wibes-06.wbbasket.ru/343f7b68-ff1a-11ef-9d43-467eef4cde48/35353034333936-wibe-video-720/index.m3u8,233994131,False
https://wibes-01.wbbasket.ru/d428ac92-a40e-44a5-b734-b323e6863c2d/guru-video-1080/index.m3u8,209172083,False
https://wibes-01.wbbasket.ru/aa7e0c91-ff70-11ef-8edd-42bad6f4a59d/383734363031-wibe-video-720/index.m3u8,203648956,False
https://wibes-04.wbbasket.ru/e8fa4d75-0270-11f0-aff0-ca914550bbaa/35353938343836-wibe-video-854/index.m3u8,219172854,False
https://wibes-04.wbbasket.ru/e4a6c04f-fec0-11ef-90a5-b6b8daf29a7e/35353030373438-wibe-video-853/index.m3u8,276192193,False
https://wibes-06.wbbasket.ru/7cc3d887-0624-11f0-a5af-3657918b8448/34393138323630-wibe-video-1280/index.m3u8,258926633,False
https://wibes-07.wbbasket.ru/377ad3ad-0295-11f0-9c6c-4e03c830c877/35363031373737-wibe-video-853/index.m3u8,204544235,True
https://wibes-06.wbbasket.ru/8669928a-03f8-11f0-908d-5e1bc4da39d8/34323630393635-wibe-video-853/index.m3u8,60063276,True
https://wibes-01.wbbasket.ru/b701920f-f11c-11ef-8e26-aac4d7d27c40/35343838303337-wibe-video-853/index.m3u8,11377981,False
https://wibes-07.wbbasket.ru/327a8b11-ff31-11ef-9f3d-52075b7138bc/35353237363234-wibe-video-1080/index.m3u8,216710944,False
https://wibes-04.wbbasket.ru/e8f8934c-fed2-11ef-a58a-0ab073837fcd/35353030333238-wibe-video-853/index.m3u8,266815870,True
https://wibes-06.wbbasket.ru/03b04ae9-0441-11f0-a2b2-a2b330640b0b/35363432343333-wibe-video-851/index.m3u8,303790559,False
https://wibes-06.wbbasket.ru/1f40b583-e9fb-11ef-9695-b204b1b3e7fa/32353133383231-wibe-video-1080/index.m3u8,39438562,True
https://wibes-01.wbbasket.ru/d4c52e66-009e-11f0-8903-fad6d291be1f/35353435333739-wibe-video-720/index.m3u8,250681718,True
https://wibes-03.wbbasket.ru/ac80ce66-01c7-11f0-bce3-226765349b69/35353833363733-wibe-video-1080/index.m3u8,147521017,False
https://wibes-01.wbbasket.ru/40be058f-0035-11f0-a12a-de012307629f/35353534393336-wibe-video-1080/index.m3u8,188212712,False
https://wibes-07.wbbasket.ru/d61c15b1-f34a-11ef-bb8b-120c8248da7e/35343836363831-wibe-video-720/index.m3u8,181384162,True
https://wibes-07.wbbasket.ru/3caf658b-0294-11f0-8189-3a85d5b0429a/353631393439-wibe-video-1080/index.m3u8,270823726,False
https://wibes-01.wbbasket.ru/6b5ab7e4-ff40-11ef-a174-360a481f8246/35353332373134-wibe-video-1080/index.m3u8,262144195,True
https://wibes-04.wbbasket.ru/cdb66ed8-fe42-11ef-860d-f2d01216b3d3/35343837363139-wibe-video-720/index.m3u8,313868463,False
https://wibes-07.wbbasket.ru/387648f5-0038-11f0-80c9-fa3e1889317c/35353537303432-wibe-video-1080/index.m3u8,206588451,True
https://wibes-02.wbbasket.ru/e646aa0b-395c-4126-b2ce-0a2c547c9e1a/33383938393331-guru-video-1080/index.m3u8,217074195,False
https://wibes-02.wbbasket.ru/2fda47be-ff7d-11ef-96d5-a6bb3743b5f2/32353039313836-wibe-video-1920/index.m3u8,366560028,False
https://wibes-06.wbbasket.ru/f0068a28-27ef-4a0a-91d3-71e5784a5241/341393-wbkids_articles_editor-video-1080/index.m3u8,212100203,True
https://wibes-06.wbbasket.ru/84a3eb9b-ffe9-11ef-a13b-a6d6cd3017f2/35353435323235-wibe-video-853/index.m3u8,235121842,True
https://wibes-03.wbbasket.ru/aee5fed8-056c-11f0-a4a9-429d40c7024e/35343938353135-wibe-video-1920/index.m3u8,147666038,False
https://wibes-02.wbbasket.ru/a10918c3-0015-11f0-9bd1-66b8165b7123/35333434333930-wibe-video-720/index.m3u8,285498072,True
https://wibes-05.wbbasket.ru/0482cc7d-0191-11f0-a052-baa1040d8251/32363538313337-wibe-video-720/index.m3u8,103606600,False
https://wibes-06.wbbasket.ru/b50d5722-ffb2-11ef-b21d-8a3d39f03998/35353032343035-wibe-video-720/index.m3u8,341479127,False
https://wibes-07.wbbasket.ru/00f08f3f-ffde-11ef-8e4c-3ef3113ca3d2/35353133373731-wibe-video-720/index.m3u8,176871648,False
https://wibes-01.wbbasket.ru/20c58a62-fe89-11ef-99c8-5a586859bf71/35353034343932-wibe-video-1200/index.m3u8,267383390,True
https://wibes-03.wbbasket.ru/23c9777b-ff73-11ef-825f-9e88c83c4058/35353430353132-wibe-video-1920/index.m3u8,170216975,True
https://wibes-06.wbbasket.ru/7503a4ba-febe-11ef-8984-561295f0528a/35343933313132-wibe-video-853/index.m3u8,276555553,True
https://wibes-02.wbbasket.ru/e6c1c42a-6690-43b2-8767-04b4eabeadee/335555-wbkids_articles_editor-video-1080/index.m3u8,299799580,False
https://wibes-02.wbbasket.ru/e6427e19-002a-11f0-aba4-ae184a27c54e/393233303931-wibe-video-1080/index.m3u8,336270414,True
https://wibes-07.wbbasket.ru/9f63f232-6555-4546-8693-0c76ba7c4052/1103538-wbkids_articles_editor-video-1080/index.m3u8,158936926,False
https://wibes-05.wbbasket.ru/2fe62f19-01a7-11f0-82a4-b63aa71d229c/35353830353239-wibe-video-1080/index.m3u8,262585480,True
https://wibes-03.wbbasket.ru/0037fc00-0436-11f0-ae01-8efdd448a88b/35353538303736-wibe-video-852/index.m3u8,248613067,True
https://wibes-06.wbbasket.ru/6f0c9f55-fe98-11ef-a433-9ec63ec0ea9e/32323338303034-wibe-video-1080/index.m3u8,341454724,True
https://wibes-04.wbbasket.ru/9cb56857-fe82-11ef-bc7b-76f387de9c2e/35353032343734-wibe-video-1080/index.m3u8,307478242,False
https://wibes-07.wbbasket.ru/2f18548c-0534-11f0-9e75-8634f0dc2b34/31353334393031-wibe-video-1080/index.m3u8,303271048,True
https://wibes-02.wbbasket.ru/2a84d924-ff8b-11ef-b5c2-96731507d980/35353334313136-wibe-video-853/index.m3u8,185296000,False
https://wibes-02.wbbasket.ru/7a88f6c9-5bd5-4b01-b20e-17f2ab584c5f/guru-video-1080/index.m3u8,46003652,True
https://wibes-01.wbbasket.ru/56d55530-0108-11f0-a8c8-7e81c276a251/35353531373038-wibe-video-720/index.m3u8,287682880,False
https://wibes-07.wbbasket.ru/8716faaa-ff44-11ef-9d42-923d1b44cc01/35353238363839-wibe-video-853/index.m3u8,254438431,True
https://wibes-03.wbbasket.ru/e37d3915-fee1-11ef-b6dc-1a6f171b79c6/35343937333133-wibe-video-1920/index.m3u8,261362364,True
https://wibes-02.wbbasket.ru/ff082012-ff54-11ef-a5e8-6ea5f0389a30/35353336313434-wibe-video-852/index.m3u8,47583973,False
https://wibes-06.wbbasket.ru/b70aa916-e568-11ef-8520-b663b05cd8b7/35343836373736-wibe-video-1080/index.m3u8,249437686,True
https://wibes-03.wbbasket.ru/14f1104a-0295-11f0-a2b2-a2b330640b0b/35363031373737-wibe-video-853/index.m3u8,134644264,False
https://wibes-04.wbbasket.ru/a5ea7e83-040c-11f0-990b-267f04949202/35353336323831-wibe-video-720/index.m3u8,286303691,True
https://wibes-01.wbbasket.ru/adaf053b-061f-11f0-9050-3642d49dfc0d/supplier-4246795-wibe-video-720/index.m3u8,330825442,True
https://wibes-07.wbbasket.ru/5b1a2da3-000b-11f0-926a-a247c64547dd/35353530323837-wibe-video-852/index.m3u8,235361160,False
https://wibes-05.wbbasket.ru/bb574e6c-79cb-490b-91c6-b41056f961b9/guide-video-1080/index.m3u8,164989485,False
https://wibes-06.wbbasket.ru/ef399381-0003-11f0-926a-a247c64547dd/35353438333834-wibe-video-850/index.m3u8,166565194,False
https://wibes-05.wbbasket.ru/ade142ef-5369-47d0-80df-4677a689c225/33383938393331-guru-video-1080/index.m3u8,247440872,False
https://wibes-04.wbbasket.ru/ee9a5dd8-0293-11f0-b9b6-8a5e224329ea/35363031373737-wibe-video-853/index.m3u8,249140272,True
https://wibes-06.wbbasket.ru/b08ba850-f53a-11ef-958f-c2b4a5ad0ef8/32363736323635-wibe-video-853/index.m3u8,145636448,True
https://wibes-02.wbbasket.ru/9ae189af-0581-11f0-8860-42650d89e0b6/35363038383333-wibe-video-1125/index.m3u8,272655157,False
https://wibes-01.wbbasket.ru/1d471b4e-ff51-11ef-a210-067470d58a20/35353331363731-wibe-video-852/index.m3u8,299571134,True
https://wibes-03.wbbasket.ru/a1b3d0f6-fff5-11ef-b0e8-d2a38067b662/35353236323534-wibe-video-1920/index.m3u8,345040768,False
https://wibes-01.wbbasket.ru/8842d9fd-00c4-11f0-8e2a-2a152e7af3bb/35353533363838-wibe-video-1080/index.m3u8,260458167,False
https://wibes-06.wbbasket.ru/9cb0fe8b-f86a-11ef-957c-e6b2bf36e7f7/guide-d4b0a83d-10ec-451c-9e47-4d077d9356e3-1080/index.m3u8,228386570,False
https://wibes-04.wbbasket.ru/c0f3897b-0149-11f0-8627-ba328fa2e6be/32373032393335-wibe-video-1080/index.m3u8,223645099,False
https://wibes-06.wbbasket.ru/03bb2db1-0618-11f0-a5af-3657918b8448/35363032323536-wibe-video-853/index.m3u8,161948580,False
https://wibes-04.wbbasket.ru/5798d24a-ffba-11ef-ba71-d2dd99643184/35353434313732-wibe-video-854/index.m3u8,283440624,False
https://wibes-02.wbbasket.ru/32c9220a-fe73-11ef-8972-0634e3b0e4b6/35343935353431-wibe-video-1080/index.m3u8,348737788,True
https://wibes-01.wbbasket.ru/e613a30f-ffed-11ef-9fb7-5e007be9f958/34333939393235-wibe-video-360/index.m3u8,176588636,False
https://wibes-04.wbbasket.ru/fe392fd9-04d6-11f0-9115-ee754447eb85/32363736323635-wibe-video-480/index.m3u8,141010810,False
https://wibes-06.wbbasket.ru/e00e9d28-030b-11f0-86d8-de26e30c91f1/35363037383931-wibe-video-720/index.m3u8,174722316,False
https://wibes-01.wbbasket.ru/bb68aa3b-f503-11ef-84bd-b2c23d1c94d3/31323030373536-wibe-video-1080/index.m3u8,254630015,True
https://wibes-04.wbbasket.ru/4f0e454f-00e3-11f0-b50f-1e3d095f9d61/31323033303030-wibe-video-853/index.m3u8,115499765,False
https://wibes-05.wbbasket.ru/e8ec457f-cf9f-4cb7-bcdf-f30518306735/167763-wbkids_articles_editor-video-1080/index.m3u8,275516283,False
https://wibes-05.wbbasket.ru/a7e163b3-04c9-11f0-8ec5-16c11ed06b9b/35363439373335-wibe-video-852/index.m3u8,186772624,False
https://wibes-03.wbbasket.ru/2f3b247a-0577-11f0-b009-9220d10ae7e6/35363434363838-wibe-video-1080/index.m3u8,185089460,False
https://wibes-05.wbbasket.ru/93fd5659-024c-11f0-b5a3-92fbfe657c28/35353737303436-wibe-video-720/index.m3u8,240845960,False
https://wibes-04.wbbasket.ru/b97a425b-00da-11f0-a828-9e0a89c7b0f7/35353636303139-wibe-video-720/index.m3u8,179795994,False
https://wibes-02.wbbasket.ru/bafe9047-00f1-11f0-b2e0-eaeef2fbbc6f/35353534313634-wibe-video-852/index.m3u8,160970213,False
https://wibes-07.wbbasket.ru/1f5bfb43-e325-11ef-91ae-f20cb6d64535/333936313339-wibe-video-1080/index.m3u8,53887128,True
https://wibes-05.wbbasket.ru/a5b2aae4-035c-11f0-ac94-3a315803f107/35353833393939-wibe-video-1080/index.m3u8,183008280,False
https://wibes-01.wbbasket.ru/e44e421c-e150-11ef-bafc-b6fd607b25da/33303837363938-wibe-video-1080/index.m3u8,47583973,False
https://wibes-01.wbbasket.ru/ab768a29-f07f-11ef-8e26-aac4d7d27c40/35343837373638-wibe-video-1280/index.m3u8,255377509,False
https://wibes-07.wbbasket.ru/4471106e-805c-4f3c-8077-21adc1a67c91/697486-wbkids_articles_editor-video-1080/index.m3u8,190259584,False
https://wibes-06.wbbasket.ru/86e81918-04a0-11f0-860a-b2c47b8a46a4/35343837313139-wibe-video-1440/index.m3u8,243225637,False
https://wibes-07.wbbasket.ru/5deecfaf-ff47-11ef-a58a-0ab073837fcd/35353231383537-wibe-video-853/index.m3u8,209179525,True
https://wibes-06.wbbasket.ru/ebca6bd4-ecf7-11ef-abe1-428d42248d0a/35343837393137-wibe-video-1080/index.m3u8,311992260,False
https://wibes-07.wbbasket.ru/6c971ba2-0662-11f0-b27e-4eb84a687141/35353339343136-wibe-video-886/index.m3u8,281596979,False
https://wibes-03.wbbasket.ru/68909de2-0108-11f0-9c6c-4e03c830c877/35353731333436-wibe-video-853/index.m3u8,39863276,True
https://wibes-03.wbbasket.ru/95122b67-ff2e-11ef-b547-de93c88d8365/35353233373336-wibe-video-852/index.m3u8,260359070,False
https://wibes-02.wbbasket.ru/e0223d04-00e3-11f0-b456-126862b3e2ab/35353636333531-wibe-video-853/index.m3u8,91148319,False
https://wibes-05.wbbasket.ru/0d4bc44f-fe92-11ef-bc44-d253266ee6fa/35333434333930-wibe-video-720/index.m3u8,14731666,False
https://wibes-03.wbbasket.ru/96fe4c88-017e-11f0-8a2b-e227bb3f7afd/333434303830-wibe-video-1080/index.m3u8,267632297,False
https://wibes-07.wbbasket.ru/7aa8190f-3953-4ac7-92e7-7606c5f142cf/11166-wbkids_articles_editor-video-1080/index.m3u8,7611452,True
https://wibes-03.wbbasket.ru/27c0a0b5-e7a9-11ef-a166-42642241771f/35343837323738-wibe-video-1080/index.m3u8,113032074,True
https://wibes-04.wbbasket.ru/03c55a86-fea5-11ef-95a5-e298f99dcad9/33343434303032-wibe-video-1080/index.m3u8,242809229,False
https://wibes-01.wbbasket.ru/c1868498-0002-11f0-a222-1e0689ece429/35353239343330-wibe-video-853/index.m3u8,182193911,False
https://wibes-07.wbbasket.ru/2f4fe009-e3c8-11ef-bbf8-3a5e87a2d086/33303837363938-wibe-video-1080/index.m3u8,312021572,False
https://wibes-05.wbbasket.ru/1f334fe5-d670-48a2-a79a-c67eb95aeb5a/45354-wbkids_articles_editor-video-1080/index.m3u8,17313919,True
https://wibes-03.wbbasket.ru/6411599d-00d7-11f0-9c0d-e2c0e60e878e/32333030383134-wibe-video-720/index.m3u8,257182807,False
https://wibes-06.wbbasket.ru/5ade9ec7-ff6e-11ef-b8d3-da8c4fc386ab/35353235313937-wibe-video-1078/index.m3u8,243431738,False
https://wibes-05.wbbasket.ru/8d28a9ac-0534-11f0-9e75-8634f0dc2b34/35363439313237-wibe-video-1440/index.m3u8,319308898,False
https://wibes-01.wbbasket.ru/9e7c8327-00da-11f0-9bc1-3258bce24be2/35353635363632-wibe-video-853/index.m3u8,264581638,False
https://wibes-03.wbbasket.ru/857c8eaf-ff3b-11ef-9589-4698dab8ed0e/35353234373033-wibe-video-852/index.m3u8,201404308,True
https://wibes-03.wbbasket.ru/f035a8bc-b503-4e95-95bf-497ca7268311/43853-wbkids_articles_editor-video-1080/index.m3u8,265666913,False
https://wibes-06.wbbasket.ru/574db478-008b-11f0-b348-2a871039f555/353539313234-wibe-video-853/index.m3u8,227783576,False
https://wibes-04.wbbasket.ru/66f4d3b7-04ca-11f0-a906-1af0d5821196/35363439373335-wibe-video-853/index.m3u8,210747445,False
https://wibes-07.wbbasket.ru/c146e2c9-ffa6-11ef-bf22-9a340fda2819/31383632313134-wibe-video-1080/index.m3u8,271398188,False
https://wibes-03.wbbasket.ru/3cad101f-82c8-41e9-acd6-f456a8c589b7/631559-wbkids_articles_editor-video-1080/index.m3u8,169138977,False
https://wibes-03.wbbasket.ru/7d068969-008d-11f0-ac4c-e2179674dadf/363933383033-wibe-video-624/index.m3u8,273538633,False
https://wibes-02.wbbasket.ru/a210397e-03d3-11f0-9c53-b29a98419bd7/35363331373334-wibe-video-853/index.m3u8,262639573,False
https://wibes-06.wbbasket.ru/e38d102b-0308-11f0-802e-124caff8aa4a/35363038323639-wibe-video-720/index.m3u8,179378595,False
https://wibes-07.wbbasket.ru/40b6f8a0-012b-11f0-908d-5e1bc4da39d8/35353733343730-wibe-video-853/index.m3u8,169867350,False
https://wibes-06.wbbasket.ru/17e5ef3f-00b1-11f0-a432-d6cc87002afd/35343839323034-wibe-video-852/index.m3u8,123732322,False
https://wibes-05.wbbasket.ru/751c4d34-f018-11ef-8ed8-e23b3727fdfb/35343837373137-wibe-video-720/index.m3u8,66046398,False
https://wibes-03.wbbasket.ru/71a96b5f-00f1-11f0-a338-ae8396e9d04e/343136343434-wibe-video-720/index.m3u8,240576469,False
https://wibes-04.wbbasket.ru/7f3bc506-003b-11f0-a222-1e0689ece429/35353537313330-wibe-video-852/index.m3u8,238500614,False
https://wibes-02.wbbasket.ru/6ec5ce8d-fe9f-11ef-a58a-0ab073837fcd/32303739353739-wibe-video-853/index.m3u8,239910461,False
https://wibes-06.wbbasket.ru/3f04d7f4-00b1-11f0-a6cc-0e0ab8dc3b33/313738343930-wibe-video-720/index.m3u8,230092283,False
https://wibes-01.wbbasket.ru/9b8680d0-2734-45f1-b516-1f7f69a0507d/guru-video-1080/index.m3u8,51463442,False
https://wibes-03.wbbasket.ru/cd173cd6-96fe-4f88-9630-c79a4f4a52c1/35333033333033-guru-video-1080/index.m3u8,241329206,False
https://wibes-06.wbbasket.ru/fb91d1e8-045a-11f0-b456-126862b3e2ab/35363337323437-wibe-video-852/index.m3u8,138242741,True
https://wibes-02.wbbasket.ru/5b89743a-ff86-11ef-88ed-460e0eec9d31/35343930363039-wibe-video-1920/index.m3u8,247678769,False
https://wibes-05.wbbasket.ru/c332e583-03f6-11f0-bb15-baa94e9cdf9c/35363335383239-wibe-video-853/index.m3u8,194180417,False
https://wibes-04.wbbasket.ru/cb921fa7-012a-11f0-ae01-8efdd448a88b/35353732323733-wibe-video-852/index.m3u8,150276219,False
https://wibes-01.wbbasket.ru/2298d318-0289-11f0-bb15-baa94e9cdf9c/35363030373634-wibe-video-853/index.m3u8,256370701,True
https://wibes-07.wbbasket.ru/aa745f95-0032-11f0-bde8-169242307da4/33373835373738-wibe-video-1080/index.m3u8,39687216,False
https://wibes-04.wbbasket.ru/a078db50-ff22-11ef-a513-56501e68f858/31303839363636-wibe-video-720/index.m3u8,264462505,False
https://wibes-01.wbbasket.ru/15e7c72a-e799-11ef-a166-42642241771f/393036343236-wibe-video-1080/index.m3u8,244767459,True
https://wibes-02.wbbasket.ru/467aa746-e3c7-11ef-ae49-3a34feadda1d/33303837363938-wibe-video-1080/index.m3u8,47583973,False
https://wibes-02.wbbasket.ru/8a37d190-030b-11f0-84ef-b2ac700d584a/35363035353833-wibe-video-1920/index.m3u8,344388668,False
https://wibes-02.wbbasket.ru/e095f6c2-ff13-11ef-877f-768eebb6b911/35353232343031-wibe-video-1088/index.m3u8,158695033,False
https://wibes-05.wbbasket.ru/477b7674-fe92-11ef-a5eb-5678fc04c826/35333434333930-wibe-video-720/index.m3u8,105662683,False
https://wibes-06.wbbasket.ru/7be30d06-f04a-11ef-afb4-8e2eb5bee128/35343837383639-wibe-video-843/index.m3u8,251027933,True
https://wibes-02.wbbasket.ru/abdc3954-fe74-11ef-9945-f6858145cce6/31343331303037-wibe-video-1080/index.m3u8,146176451,False
https://wibes-03.wbbasket.ru/b933920c-fe82-11ef-839d-da7022909e78/35353032323337-wibe-video-852/index.m3u8,268205689,False
https://wibes-04.wbbasket.ru/03a7b711-f08a-11ef-972a-7e7c311fbebb/35343837373836-wibe-video-1920/index.m3u8,271444885,True
https://wibes-04.wbbasket.ru/8f60ce9d-e0dc-11ef-9619-fec19f3cbc92/35343836323733-wibe-video-1080/index.m3u8,274589364,False
https://wibes-04.wbbasket.ru/fa9f6089-ff1a-11ef-b068-2ecfbc218600/35353231353439-wibe-video-720/index.m3u8,214410120,False
https://wibes-06.wbbasket.ru/bf020113-0421-11f0-81fc-1a994f1438d9/35353639363138-wibe-video-1080/index.m3u8,215125003,False
https://wibes-03.wbbasket.ru/857ac202-ff79-11ef-9fe5-de40f0574c86/35353230353431-wibe-video-853/index.m3u8,21015774,False
https://wibes-04.wbbasket.ru/22138578-fee8-11ef-ae6c-ae9ceb06c459/33383430383933-wibe-video-853/index.m3u8,41473022,False
https://wibes-03.wbbasket.ru/0714dcff-f44b-11ef-9e9c-ceba80c61639/35343837373530-wibe-video-853/index.m3u8,202862547,False
https://wibes-07.wbbasket.ru/f40c1d4b-0718-11f0-9f83-8e8b6926855b/35363636353633-wibe-video-1080/index.m3u8,323984587,False
https://wibes-03.wbbasket.ru/47e24bd8-a4ac-48f6-a866-00a8d5d93d0a/1181032-wbkids_articles_editor-video-1080/index.m3u8,161399600,True
https://wibes-03.wbbasket.ru/788ff272-f7df-4179-8c15-537ae6cad2dd/341393-wbkids_articles_editor-video-1080/index.m3u8,155402079,False
https://wibes-05.wbbasket.ru/03038cdd-02a5-11f0-ae01-8efdd448a88b/35353239353431-wibe-video-853/index.m3u8,289662617,False
https://wibes-01.wbbasket.ru/cbe4131e-ff12-11ef-84c7-1ac007fcbd5a/33373530303730-wibe-video-853/index.m3u8,193689828,False
https://wibes-06.wbbasket.ru/77909564-ff23-11ef-96d5-a6bb3743b5f2/35353233313337-wibe-video-852/index.m3u8,334804433,False
https://wibes-02.wbbasket.ru/27acdfec-8fa2-4003-83ce-7091384c6ef3/11166-wbkids_articles_editor-video-1080/index.m3u8,180228098,False
https://wibes-03.wbbasket.ru/be6dd744-03d3-11f0-ae01-8efdd448a88b/35363331373334-wibe-video-853/index.m3u8,317339826,False
https://wibes-01.wbbasket.ru/859334c9-ff1a-11ef-948c-dabb9d1685d8/35353230313837-wibe-video-853/index.m3u8,219330572,True
https://wibes-06.wbbasket.ru/270bed35-ff1d-11ef-a91e-aec03e219bab/35353230313837-wibe-video-853/index.m3u8,274388234,False
https://wibes-05.wbbasket.ru/da1e7049-de1f-11ef-8808-8e7475e842b6/33393738313432-wibe-video-1080/index.m3u8,115532282,True
https://wibes-07.wbbasket.ru/88f1387e-000b-11f0-bf8c-f6831abd659c/35353438313331-wibe-video-1280/index.m3u8,252574483,False
https://wibes-01.wbbasket.ru/40b25a9c-064e-11f0-916e-22c70e75a27d/35343831393436-wibe-video-1080/index.m3u8,68953059,False
https://wibes-02.wbbasket.ru/1781c82a-fe65-11ef-8acd-5623dd115d7e/35343930343637-wibe-video-1080/index.m3u8,270442082,False
https://wibes-02.wbbasket.ru/dc8a7412-feee-11ef-96d5-a6bb3743b5f2/32353039313836-wibe-video-1920/index.m3u8,230205129,True
https://wibes-07.wbbasket.ru/a5b18066-f448-11ef-958f-c2b4a5ad0ef8/32323836373332-wibe-video-1920/index.m3u8,98836108,True
https://wibes-07.wbbasket.ru/a8bc5f99-f449-11ef-b70b-6e6cabc6c8f7/32323836373332-wibe-video-1920/index.m3u8,99986175,False
https://wibes-01.wbbasket.ru/c9cfec1b-04f4-11f0-8f75-dac80cf0979b/35353934303436-wibe-video-1080/index.m3u8,141978872,True
https://wibes-06.wbbasket.ru/ce567cdf-6f29-48bf-a3f0-d0e13e94bfda/1368190-wbkids_articles_editor-video-1080/index.m3u8,222640015,False
https://wibes-04.wbbasket.ru/f3842b82-ff21-11ef-9a0a-067b3aeb8003/33373930313038-wibe-video-720/index.m3u8,323599780,True
https://wibes-01.wbbasket.ru/6822fa39-02e7-11f0-9c53-b29a98419bd7/35363035353833-wibe-video-1920/index.m3u8,279933762,False
https://wibes-07.wbbasket.ru/60529772-ff87-11ef-8659-d61ee33cfd39/343336303131-wibe-video-1920/index.m3u8,17705579,False
https://wibes-04.wbbasket.ru/a94b29ed-010b-11f0-b83b-827defdc7dc9/31313836363335-wibe-video-1080/index.m3u8,260258332,False
https://wibes-07.wbbasket.ru/1effdec4-0051-11f0-a432-d6cc87002afd/35353538333137-wibe-video-853/index.m3u8,211428512,True
https://wibes-01.wbbasket.ru/c89215a2-0624-11f0-8005-f2b52220ac6d/35353031333033-wibe-video-1080/index.m3u8,308343908,False
https://wibes-03.wbbasket.ru/774f4e89-feed-11ef-8ed5-6623aa30fda9/32353039313836-wibe-video-1920/index.m3u8,219037907,False
https://wibes-05.wbbasket.ru/7d2f97eb-0285-11f0-bb02-127fbd0d123c/35353431343635-wibe-video-1440/index.m3u8,221145428,False
https://wibes-06.wbbasket.ru/02881cbd-00f2-11f0-a954-8258926c928e/35353630363732-wibe-video-1080/index.m3u8,220928425,False
https://wibes-04.wbbasket.ru/259cd98c-dfd5-11ef-9f7f-ba8c8343c357/35343836333232-wibe-video-1080/index.m3u8,177017471,False
https://wibes-06.wbbasket.ru/66833104-fe7b-11ef-81e8-4ef582d76bbb/33383336343637-wibe-video-850/index.m3u8,264644294,True
https://wibes-05.wbbasket.ru/74ece378-fe87-11ef-8e4a-365bd508d4b9/34313833333534-wibe-video-1080/index.m3u8,224226424,False
https://wibes-06.wbbasket.ru/db314e89-03cd-11f0-a70a-2e5e9a751d71/34303533303334-wibe-video-1080/index.m3u8,335115044,True
https://wibes-04.wbbasket.ru/147251bc-ffb4-11ef-8407-6e8c8b775322/35353433393134-wibe-video-852/index.m3u8,208713752,False
https://wibes-05.wbbasket.ru/0562e04c-0042-11f0-b2b5-ba5be5764504/33383839373039-wibe-video-853/index.m3u8,275109123,True
https://wibes-07.wbbasket.ru/0995deb6-d87f-11ef-92d1-ae1dad6edd1f/31393439373233-wibe-video-1080/index.m3u8,302442335,False
https://wibes-06.wbbasket.ru/fe8dff8a-fec9-11ef-90a5-b6b8daf29a7e/35353030373438-wibe-video-853/index.m3u8,158065316,False
https://wibes-04.wbbasket.ru/ae779ab3-ff0c-11ef-a5e8-6ea5f0389a30/31393737373033-wibe-video-853/index.m3u8,273448456,False
https://wibes-04.wbbasket.ru/ccb45c34-ff58-11ef-8e4c-3ef3113ca3d2/35353233343031-wibe-video-480/index.m3u8,197273597,True
https://wibes-03.wbbasket.ru/b837db8f-e534-11ef-9141-6e3bd05f58fd/333935343533-wibe-video-1080/index.m3u8,360548180,False
https://wibes-03.wbbasket.ru/e92d793e-ff30-11ef-b872-3629e80bcb62/35343936383033-wibe-video-1072/index.m3u8,270496006,False
https://wibes-07.wbbasket.ru/5cda1b18-00dc-11f0-a10b-52a19d72346f/35353635343834-wibe-video-1080/index.m3u8,180714950,False
https://wibes-02.wbbasket.ru/a3fc63f4-5a89-4cb9-890c-353f926ea0bf/454025-wbkids_articles_editor-video-1080/index.m3u8,204148306,True
https://wibes-06.wbbasket.ru/85c7de5e-e6ac-11ef-a050-7ad0eb437c6f/343434363130-wibe-video-1080/index.m3u8,108737229,True
https://wibes-03.wbbasket.ru/8a962a5c-04ce-11f0-89e7-c2e4568c7690/35353033393438-wibe-video-1080/index.m3u8,246012412,False
https://wibes-02.wbbasket.ru/b0b8dc53-00c0-11f0-9b6f-26b444caf11f/35333130373638-wibe-video-720/index.m3u8,242899258,True
https://wibes-04.wbbasket.ru/b8a53e80-000d-11f0-bbb4-e20052364a2b/35353035353534-wibe-video-360/index.m3u8,222889433,False
https://wibes-01.wbbasket.ru/8ecbcb89-e9f4-11ef-9695-b204b1b3e7fa/35343837373530-wibe-video-1080/index.m3u8,237272123,False
https://wibes-06.wbbasket.ru/d0524ce0-77ca-425e-bfd5-19b48b467615/51107-wbkids_articles_editor-video-1080/index.m3u8,221663165,False
https://wibes-07.wbbasket.ru/9a326820-02b4-11f0-8889-c6cef59bc3a4/35353736343838-wibe-video-1440/index.m3u8,293971672,False
https://wibes-02.wbbasket.ru/b0b893ac-ff06-11ef-b08c-aa589c82e313/35353133353630-wibe-video-853/index.m3u8,142056240,False
https://wibes-04.wbbasket.ru/d6a1310f-ff4b-11ef-84c7-1ac007fcbd5a/35353333353133-wibe-video-853/index.m3u8,296559786,False
https://wibes-05.wbbasket.ru/22d3be34-fe8c-11ef-a58a-0ab073837fcd/373032373731-wibe-video-1280/index.m3u8,273590910,False
https://wibes-02.wbbasket.ru/d59736c2-fe97-11ef-ad03-068d61f953d6/32343831353132-wibe-video-720/index.m3u8,300427006,False
https://wibes-07.wbbasket.ru/00c4fce6-fe34-11ef-a93f-26361a7b6940/35343836303733-wibe-video-1080/index.m3u8,97796429,False
https://wibes-07.wbbasket.ru/f1cd3582-02e2-11f0-b9ca-ead455770a99/35353236383035-wibe-video-1080/index.m3u8,110108371,True
https://wibes-04.wbbasket.ru/78745467-ffca-11ef-ba71-d2dd99643184/35353435303038-wibe-video-853/index.m3u8,199843360,True
https://wibes-02.wbbasket.ru/b6bc4ef9-ffff-11ef-92f6-12778f2f7eb7/35353436303338-wibe-video-1080/index.m3u8,325523180,False
https://wibes-02.wbbasket.ru/dc6e1d1d-ffe8-11ef-9422-0659c9fb747f/35343938303532-wibe-video-1080/index.m3u8,191654312,False
https://wibes-01.wbbasket.ru/9e4e6028-ff39-11ef-88ed-460e0eec9d31/35353231353038-wibe-video-853/index.m3u8,143378116,False
https://wibes-02.wbbasket.ru/a30b0936-ff41-11ef-a171-aae32b193e99/35353332343939-wibe-video-1080/index.m3u8,301979997,True
https://wibes-06.wbbasket.ru/7f76acf4-ff5d-11ef-8e34-4605d8551a3c/31383838333438-wibe-video-480/index.m3u8,328061129,False
https://wibes-07.wbbasket.ru/fe9cb4ad-0286-11f0-be79-3ee64ad50c1f/35363030363731-wibe-video-1080/index.m3u8,359406086,True
https://wibes-03.wbbasket.ru/0ad79191-916a-4a69-bf76-af42cca8b014/35343834363035-guru-video-1080/index.m3u8,104234071,False
https://wibes-02.wbbasket.ru/b3b122f5-0420-11f0-a660-8e48233aa84d/35353530343436-wibe-video-888/index.m3u8,165233024,False
https://wibes-01.wbbasket.ru/e8836eca-e14f-11ef-9619-fec19f3cbc92/33303837363938-wibe-video-1080/index.m3u8,225302273,False
https://wibes-01.wbbasket.ru/f3f8c931-0001-11f0-b348-2a871039f555/363238383931-wibe-video-853/index.m3u8,218378369,False
https://wibes-06.wbbasket.ru/565a9a37-ff7d-11ef-a91e-aec03e219bab/32353039313836-wibe-video-1920/index.m3u8,326885231,False
https://wibes-06.wbbasket.ru/cf8fc933-0494-11f0-84ef-b2ac700d584a/35363435343835-wibe-video-852/index.m3u8,257473572,True
https://wibes-07.wbbasket.ru/706a35b1-00cf-11f0-8737-f20bfbe04712/32343634383537-wibe-video-720/index.m3u8,183986377,False
https://wibes-05.wbbasket.ru/a99e5dd8-05ca-11f0-8fb9-3e5f883bd3e4/35363634383936-wibe-video-853/index.m3u8,167159875,False
https://wibes-05.wbbasket.ru/e1682e62-0153-11f0-b9b6-8a5e224329ea/35353734323539-wibe-video-853/index.m3u8,327346693,False
https://wibes-04.wbbasket.ru/34e04d47-d8c2-11ef-ba06-32b4568c8344/31393439373233-wibe-video-1080/index.m3u8,310661925,False
https://wibes-05.wbbasket.ru/c456854b-fec3-11ef-8984-561295f0528a/35353030373438-wibe-video-853/index.m3u8,173415006,False
https://wibes-01.wbbasket.ru/af1d4b84-055f-11f0-bd98-96024f72071e/35353231383537-wibe-video-720/index.m3u8,321745116,True
https://wibes-06.wbbasket.ru/7d94c6f6-0179-11f0-895e-c261cebf5931/35353736343030-wibe-video-1080/index.m3u8,116001512,False
https://wibes-06.wbbasket.ru/5f382609-1380-4604-86b6-92be54587257/34373439-guru-video-1080/index.m3u8,269393394,True
https://wibes-04.wbbasket.ru/4b0a3f2e-ff19-11ef-b050-a626440bc9c2/35343937303738-wibe-video-720/index.m3u8,196377183,False
https://wibes-06.wbbasket.ru/2ac4fb69-f9b6-11ef-88d7-e6513f6789f7/35343836363137-wibe-video-852/index.m3u8,217882431,False
https://wibes-04.wbbasket.ru/9d20c86e-ff67-11ef-bccb-368a70a12aad/35353338373937-wibe-video-1920/index.m3u8,186664531,False
https://wibes-02.wbbasket.ru/65ab1a6e-f50c-11ef-aa5b-3a2433e5fa40/35343838353532-wibe-video-1080/index.m3u8,75338059,False
https://wibes-02.wbbasket.ru/9ed6df14-048e-11f0-aeb3-b65cb8f267d5/35363434383732-wibe-video-720/index.m3u8,192255361,False
https://wibes-02.wbbasket.ru/d84090dc-f8df-11ef-84bd-b2c23d1c94d3/35343837303332-wibe-video-1080/index.m3u8,148928556,False
https://wibes-03.wbbasket.ru/9d9f8d00-00d5-11f0-b444-5abf994da904/35353635333137-wibe-video-853/index.m3u8,256270074,False
https://wibes-03.wbbasket.ru/d45c1cd4-00c5-11f0-ae9a-fe08297b5c38/363137373830-wibe-video-848/index.m3u8,200332246,True
https://wibes-05.wbbasket.ru/3d059b66-00c1-11f0-bc2b-3ee7f4681a04/35343932313934-wibe-video-720/index.m3u8,250242814,False
https://wibes-03.wbbasket.ru/fb536fef-fb5d-4dc1-8f59-15e4481d8979/31323931353834-guru-video-1080/index.m3u8,312001029,False
https://wibes-02.wbbasket.ru/3d97de07-ff48-11ef-8659-d61ee33cfd39/35353231383537-wibe-video-853/index.m3u8,293249268,False
https://wibes-06.wbbasket.ru/da63b9b1-0377-11f0-ad54-5eb6bb6bd3c8/33303132313437-wibe-video-1080/index.m3u8,270451428,False
https://wibes-05.wbbasket.ru/c4591744-00ef-11f0-940b-3679910569f5/35353637353939-wibe-video-1080/index.m3u8,50014921,False
https://wibes-06.wbbasket.ru/a10c7193-048b-11f0-98a7-e28930524065/35363434353938-wibe-video-853/index.m3u8,205958793,True
https://wibes-01.wbbasket.ru/0a6eed75-e859-11ef-8520-b663b05cd8b7/31323230363832-wibe-video-1080/index.m3u8,165327154,False
https://wibes-05.wbbasket.ru/94e118d7-ead7-11ef-b92a-8a2b2a24583e/35343837383135-wibe-video-1080/index.m3u8,273530094,False
https://wibes-02.wbbasket.ru/e0e1e407-3a18-4f4f-955b-5fd1b5af98fa/guru-video-1080/index.m3u8,63723757,False
https://wibes-04.wbbasket.ru/94511d59-67cb-479a-8ba7-c782afb53049/887189-wbkids_articles_editor-video-1080/index.m3u8,113534604,False
https://wibes-02.wbbasket.ru/adb049a0-0573-11f0-806b-6eac65bc04d3/35363539373230-wibe-video-1080/index.m3u8,315419386,False
https://wibes-01.wbbasket.ru/8879240f-01df-11f0-a2b2-a2b330640b0b/35353334383931-wibe-video-1920/index.m3u8,296822444,False
https://wibes-04.wbbasket.ru/6bb07138-f50d-11ef-93b1-1a58cf94d633/31323033303030-wibe-video-1920/index.m3u8,187958860,False
https://wibes-04.wbbasket.ru/e9b457c0-03fe-11f0-b9b6-8a5e224329ea/35363336393638-wibe-video-853/index.m3u8,155876028,True
https://wibes-02.wbbasket.ru/a64389e1-055a-11f0-8ec5-16c11ed06b9b/35353133383436-wibe-video-1280/index.m3u8,237799596,False
https://wibes-03.wbbasket.ru/b2e225fb-0160-11f0-86d8-de26e30c91f1/35353132333439-wibe-video-1080/index.m3u8,242092277,True
https://wibes-07.wbbasket.ru/9fd6828b-03e8-11f0-a338-ae8396e9d04e/32363934383335-wibe-video-480/index.m3u8,213732954,False
https://wibes-03.wbbasket.ru/22ccf124-ff23-11ef-a91e-aec03e219bab/31333632333937-wibe-video-854/index.m3u8,296303441,False
https://wibes-01.wbbasket.ru/cd361de9-e541-11ef-b0fb-7625134a9bcb/35343837303433-wibe-video-1080/index.m3u8,74553545,False
https://wibes-06.wbbasket.ru/31b0e8d3-00e0-11f0-9bc1-3258bce24be2/35353432323538-wibe-video-852/index.m3u8,233542632,False
https://wibes-01.wbbasket.ru/fb0f86af-064f-11f0-a817-4eb84a687141/supplier-36852-wibe-video-1080/index.m3u8,237684002,False
https://wibes-05.wbbasket.ru/0ccd957a-a598-4487-b596-0fcd817a36da/32437-guru-video-1080/index.m3u8,263818933,False
https://wibes-03.wbbasket.ru/4e47ad18-e078-4a50-8ed9-0d1d018c00ef/220059-wbkids_articles_editor-video-1080/index.m3u8,173438216,False
https://wibes-05.wbbasket.ru/c8f6004d-a819-4d59-824e-3774725d35c5/1195364-wbkids_articles_editor-video-1080/index.m3u8,165217019,False
https://wibes-04.wbbasket.ru/9d917569-004a-11f0-b2b5-ba5be5764504/35353538363635-wibe-video-854/index.m3u8,139500681,True
https://wibes-05.wbbasket.ru/5c5cb0fd-0364-11f0-9c6c-4e03c830c877/35363232323238-wibe-video-853/index.m3u8,231152358,False
https://wibes-03.wbbasket.ru/6708578f-02e8-11f0-b60f-6ac77fd80f6a/35363035353833-wibe-video-1920/index.m3u8,81178464,False
https://wibes-03.wbbasket.ru/fd8984e0-01ae-11f0-ae01-8efdd448a88b/33393538303736-wibe-video-853/index.m3u8,209672916,False
https://wibes-02.wbbasket.ru/9c600ec1-0004-11f0-a2e3-7245b0c14aa5/35353531353537-wibe-video-852/index.m3u8,158695033,False
https://wibes-05.wbbasket.ru/6a8b9e6a-028a-11f0-b456-126862b3e2ab/35363030373634-wibe-video-852/index.m3u8,110376860,False
https://wibes-01.wbbasket.ru/96baf242-00b9-11f0-bcb3-8614cca54871/35303738363333-wibe-video-540/index.m3u8,214120937,False
https://wibes-02.wbbasket.ru/be09f61a-f05b-11ef-bc6a-7e57799ab677/35343838323531-wibe-video-853/index.m3u8,6835607,False
https://wibes-03.wbbasket.ru/9872572c-40b3-4678-a2a9-e71d1f2a64c6/11166-wbkids_articles_editor-video-1080/index.m3u8,163030455,False
https://wibes-04.wbbasket.ru/52481a59-f2b6-11ef-a990-a66fb4621fd8/35343838303734-wibe-video-851/index.m3u8,60064705,False
https://wibes-07.wbbasket.ru/fd805ee3-03e2-11f0-8a2b-e227bb3f7afd/35343837363333-wibe-video-1080/index.m3u8,217590477,False
https://wibes-05.wbbasket.ru/1993d4b2-f8fb-11ef-98c3-32ab3b1e20f6/guide-2465259a-d792-40ac-9d34-8554be3940fd/index.m3u8,276839506,False
https://wibes-03.wbbasket.ru/367e4b4e-a100-431f-9b31-511bd4f52434/3981583-wbkids_articles_editor-video-1080/index.m3u8,221398574,False
https://wibes-02.wbbasket.ru/6d946d5e-0016-11f0-b7fe-f6895e36664a/32333838343738-wibe-video-1080/index.m3u8,248770685,False
https://wibes-05.wbbasket.ru/5f325478-ff31-11ef-b547-de93c88d8365/35353235373134-wibe-video-856/index.m3u8,36437549,False
https://wibes-03.wbbasket.ru/a341b3de-f12b-483e-a52c-8cf1c496a707/31393439373233-wibe-video-1080/index.m3u8,229454564,True
https://wibes-07.wbbasket.ru/994363c0-019b-11f0-a2b2-a2b330640b0b/33333134353131-wibe-video-1280/index.m3u8,27670602,False
https://wibes-01.wbbasket.ru/72bdb508-01ea-11f0-aff0-ca914550bbaa/35353837313935-wibe-video-853/index.m3u8,254371775,False
https://wibes-03.wbbasket.ru/f06a67b4-031b-11f0-b60f-6ac77fd80f6a/32333335373838-wibe-video-853/index.m3u8,267759870,False
https://wibes-06.wbbasket.ru/1ec73510-f2a6-11ef-b52e-f65831ea99e1/35343838303734-wibe-video-853/index.m3u8,243264586,False
https://wibes-05.wbbasket.ru/7ad4f483-0004-11f0-b2b5-ba5be5764504/35353438333834-wibe-video-853/index.m3u8,173104535,False
https://wibes-07.wbbasket.ru/5a8be841-fea7-11ef-ae6c-ae9ceb06c459/35343930333536-wibe-video-853/index.m3u8,62071893,False
https://wibes-05.wbbasket.ru/563f4a1c-ff1b-11ef-9b32-6aa712894946/35353232333633-wibe-video-1080/index.m3u8,225836220,False
https://wibes-03.wbbasket.ru/6262ea27-03d4-11f0-908d-5e1bc4da39d8/35363331383531-wibe-video-853/index.m3u8,230268125,False
https://wibes-03.wbbasket.ru/5d944ab8-03d4-11f0-8818-3ac28e8805f4/32343937343332-wibe-video-720/index.m3u8,229127840,False
https://wibes-02.wbbasket.ru/f4f92b18-7caf-499b-a798-ec81c116e768/guru-video-1080/index.m3u8,275516283,False
https://wibes-01.wbbasket.ru/2c699744-00b7-11f0-a81b-da93f821f99c/35353633303130-wibe-video-1080/index.m3u8,148701210,False
https://wibes-01.wbbasket.ru/9002faf4-0364-11f0-aebf-ba21f2c471e9/35363232323238-wibe-video-853/index.m3u8,140509897,True
https://wibes-01.wbbasket.ru/2e70038d-de20-11ef-8808-8e7475e842b6/33393738313432-wibe-video-1080/index.m3u8,262587550,False
https://wibes-02.wbbasket.ru/e8325ef4-feef-11ef-a657-3293f04166eb/32343634383537-wibe-video-851/index.m3u8,198068417,False
https://wibes-02.wbbasket.ru/5ff6734d-fe98-11ef-9d83-7ac0b9b9773b/313330373635-wibe-video-853/index.m3u8,270774453,False
https://wibes-07.wbbasket.ru/a7b8cab8-ff12-11ef-8ce0-ba257f091254/35353232343233-wibe-video-480/index.m3u8,35659390,False
https://wibes-07.wbbasket.ru/6e5689c4-003b-11f0-b2b5-ba5be5764504/35353537313330-wibe-video-853/index.m3u8,310461929,True
https://wibes-07.wbbasket.ru/185aa6ed-001d-11f0-90c4-ba76d80fd768/35353532373339-wibe-video-852/index.m3u8,242099759,False
https://wibes-07.wbbasket.ru/35483c57-efda-11ef-b69d-aa2b21d79db6/31393237313338-wibe-video-720/index.m3u8,265908083,False
https://wibes-02.wbbasket.ru/5b8754db-ff1d-11ef-bccb-368a70a12aad/32303932363336-wibe-video-853/index.m3u8,170570626,True
https://wibes-06.wbbasket.ru/b396bbc0-e651-11ef-88e3-0a797328b58b/35343837333333-wibe-video-1080/index.m3u8,158294291,False
https://wibes-04.wbbasket.ru/27ac834e-0b9e-479a-a0c9-2eca6d888f74/283953-wbkids_articles_editor-video-1080/index.m3u8,204532553,False
https://wibes-01.wbbasket.ru/9f8aa423-9100-4a2d-8be8-b8bae3e4fe5e/11166-wbkids_articles_editor-video-1080/index.m3u8,12614931,True
https://wibes-07.wbbasket.ru/4471106e-805c-4f3c-8077-21adc1a67c91/697486-wbkids_articles_editor-video-1080/index.m3u8,36165648,False
https://wibes-03.wbbasket.ru/6ad8894e-048e-11f0-9763-56d261be8c37/35363433373433-wibe-video-851/index.m3u8,231242477,False
https://wibes-04.wbbasket.ru/b62fe481-f50c-11ef-88e6-ca575886b578/1154350-wbkids_articles_editor-video-0/index.m3u8,313734067,False
https://wibes-05.wbbasket.ru/774a4439-0496-11f0-ad1c-fe5abfeea6a7/35363435363139-wibe-video-720/index.m3u8,272508214,True
https://wibes-06.wbbasket.ru/b085ea20-000c-11f0-8700-ca531df9406d/35353530343632-wibe-video-1080/index.m3u8,264424818,True
https://wibes-04.wbbasket.ru/6a172846-dfd5-11ef-a9d8-82db213390fe/35343836333232-wibe-video-1080/index.m3u8,297439423,False
https://wibes-02.wbbasket.ru/33cc83f4-ea04-11ef-9695-b204b1b3e7fa/35343837323630-wibe-video-1080/index.m3u8,285877087,True
https://wibes-04.wbbasket.ru/20914edf-0632-11f0-9050-3642d49dfc0d/35363336363936-wibe-video-720/index.m3u8,269707171,False
https://wibes-03.wbbasket.ru/29090364-0043-11f0-9799-3e385ffa6709/35353537313330-wibe-video-853/index.m3u8,139279947,True
https://wibes-02.wbbasket.ru/8b8976f4-fed4-11ef-b40c-22482c8907a6/35353031393931-wibe-video-853/index.m3u8,209189921,False
https://wibes-01.wbbasket.ru/eb3a56f2-e79c-11ef-8520-b663b05cd8b7/31323230363832-wibe-video-1080/index.m3u8,263439550,False
https://wibes-02.wbbasket.ru/e646aa0b-395c-4126-b2ce-0a2c547c9e1a/33383938393331-guru-video-1080/index.m3u8,197987650,False
https://wibes-04.wbbasket.ru/83600a80-00ba-11f0-89e5-d60c3e5bb356/35353530353937-wibe-video-853/index.m3u8,213696850,False
https://wibes-02.wbbasket.ru/7d3d6231-febb-11ef-88ed-460e0eec9d31/32393032373735-wibe-video-853/index.m3u8,180954180,False
https://wibes-03.wbbasket.ru/f52b8a34-f414-11ef-aa36-9ae807a55d45/32323836373332-wibe-video-1920/index.m3u8,221203732,False
https://wibes-06.wbbasket.ru/2ba0d9bf-fe63-11ef-9e9a-7e0f9967c4af/35343839353034-wibe-video-853/index.m3u8,249260191,True
https://wibes-04.wbbasket.ru/3921e35a-0359-11f0-8818-3ac28e8805f4/33303134383237-wibe-video-480/index.m3u8,267657169,True
https://wibes-06.wbbasket.ru/72a5f9e8-003f-11f0-ab1a-721c8c93b972/35353537373836-wibe-video-1080/index.m3u8,158294291,False
https://wibes-07.wbbasket.ru/7a2c2cd5-009b-11f0-a287-e61ff5ff5bdb/35353630383738-wibe-video-720/index.m3u8,229315492,False
https://wibes-01.wbbasket.ru/b70441a2-0294-11f0-aff0-ca914550bbaa/35363031373737-wibe-video-853/index.m3u8,85362069,False
https://wibes-01.wbbasket.ru/a329efc8-fe6a-11ef-af10-56d53603a6e7/35343839383934-wibe-video-853/index.m3u8,196012774,True
https://wibes-03.wbbasket.ru/36e2b09e-367c-409a-b778-d80b13b4e504/703432-wbkids_articles_editor-video-1080/index.m3u8,271496048,False
https://wibes-03.wbbasket.ru/011200cf-350f-4aae-ba21-b4219be98bd2/703432-wbkids_articles_editor-video-1080/index.m3u8,231661903,False
https://wibes-06.wbbasket.ru/1b95c5be-0366-11f0-9c53-b29a98419bd7/35353636303230-wibe-video-853/index.m3u8,264062362,False
https://wibes-02.wbbasket.ru/089110a1-feb2-11ef-b51b-ae42a11cbc86/35353033333331-wibe-video-1080/index.m3u8,274316357,False
https://wibes-05.wbbasket.ru/55283eae-0171-11f0-a8c8-7e81c276a251/35353637313537-wibe-video-1080/index.m3u8,245545317,False
https://wibes-07.wbbasket.ru/b3432a19-017c-11f0-b9b6-8a5e224329ea/32323630383136-wibe-video-1920/index.m3u8,213944206,False
https://wibes-02.wbbasket.ru/f0921c90-f8ff-11ef-b33d-3eafeb17cbad/31333934353436-wibe-video-1080/index.m3u8,8791572,False
https://wibes-03.wbbasket.ru/21affab1-fe7c-11ef-ad24-0effb29cc326/35343937363939-wibe-video-464/index.m3u8,257985352,False
https://wibes-04.wbbasket.ru/ad62bbed-f505-11ef-93b1-1a58cf94d633/31323033303030-wibe-video-1920/index.m3u8,208824749,False
https://wibes-02.wbbasket.ru/bb6ae742-03ec-11f0-9158-a6e9292d8806/35353731333035-wibe-video-720/index.m3u8,32187004,True
https://wibes-03.wbbasket.ru/9d93f82e-c9db-4703-845e-270f52d3e140/95354-wbkids_articles_editor-video-1080/index.m3u8,265604283,False
https://wibes-05.wbbasket.ru/9fc4dee8-e866-11ef-b931-26300c3e8314/383638333535-wibe-video-1080/index.m3u8,156084721,False
https://wibes-05.wbbasket.ru/16215613-ff17-11ef-84c7-1ac007fcbd5a/32363031353437-wibe-video-1280/index.m3u8,162711034,True
https://wibes-01.wbbasket.ru/7e091fa6-04af-11f0-bb2e-822fc7af082e/35353236383035-wibe-video-1080/index.m3u8,172814538,False
https://wibes-05.wbbasket.ru/c88e6d84-fb90-11ef-8ac8-a29a73f03559/35343835383939-wibe-video-1080/index.m3u8,115499764,False
https://wibes-07.wbbasket.ru/95612934-00fb-11f0-b2e0-eaeef2fbbc6f/33313930333832-wibe-video-852/index.m3u8,170420623,False
https://wibes-06.wbbasket.ru/83bb5139-ff1d-11ef-acc0-d238d533f8a2/33323332313730-wibe-video-1080/index.m3u8,164123148,True
https://wibes-03.wbbasket.ru/59db55c3-3a95-458c-af53-ce72655364bb/35343834393431-guru-video-1080/index.m3u8,182682060,False
https://wibes-04.wbbasket.ru/1bf2cfde-0084-11f0-9209-c625eae7a61a/32363031353437-wibe-video-720/index.m3u8,207385024,True
https://wibes-03.wbbasket.ru/bc4d5b4e-060a-11f0-8fb9-3e5f883bd3e4/35353438343238-wibe-video-853/index.m3u8,54196408,False
https://wibes-03.wbbasket.ru/93b6d7ff-fb2d-11ef-b0bd-ea4b5ed1fc9a/34383130333031-wibe-video-1920/index.m3u8,287414611,False
https://wibes-02.wbbasket.ru/4f53d96c-0051-11f0-b0e8-d2a38067b662/35353538303330-wibe-video-853/index.m3u8,317675731,False
https://wibes-07.wbbasket.ru/2c5982b5-f80a-11ef-b661-e6e87319c2e3/35343837393137-wibe-video-852/index.m3u8,239372724,True
https://wibes-05.wbbasket.ru/6aa101c3-0256-11f0-a3e1-cee3db9d67de/35343939363030-wibe-video-1080/index.m3u8,329698578,True
https://wibes-05.wbbasket.ru/6a8b9e6a-028a-11f0-b456-126862b3e2ab/35363030373634-wibe-video-852/index.m3u8,155032481,False
https://wibes-05.wbbasket.ru/e2074d8c-04af-11f0-b440-06cb64339b58/35363437363431-wibe-video-1920/index.m3u8,210209128,False
https://wibes-05.wbbasket.ru/e51effc8-0017-11f0-a222-1e0689ece429/35353532303039-wibe-video-852/index.m3u8,159592792,False
https://wibes-04.wbbasket.ru/9fcb559c-03e0-11f0-801f-ce6bd4fa71ac/35353634393331-wibe-video-720/index.m3u8,119899693,False
https://wibes-07.wbbasket.ru/81fbb22c-04c9-11f0-b346-961881f65260/35363439373335-wibe-video-852/index.m3u8,144527393,False
https://wibes-03.wbbasket.ru/a4595a2b-e14f-11ef-9619-fec19f3cbc92/33303837363938-wibe-video-1080/index.m3u8,216277357,True
https://wibes-02.wbbasket.ru/e3689ddd-f218-11ef-a6f6-6e7247463716/35343838323430-wibe-video-720/index.m3u8,334189890,False
https://wibes-04.wbbasket.ru/4f6280f8-06ca-11f0-97f2-8e3558d9cc17/35353337313536-wibe-video-851/index.m3u8,43502545,False
https://wibes-07.wbbasket.ru/9923f62e-f432-11ef-a6f6-6e7247463716/35343836313736-wibe-video-720/index.m3u8,215408776,False
https://wibes-01.wbbasket.ru/87e47fe6-0354-11f0-98a7-e28930524065/35363138353730-wibe-video-853/index.m3u8,101919446,True
https://wibes-06.wbbasket.ru/4788092f-f85d-11ef-b661-e6e87319c2e3/35343838313137-wibe-video-853/index.m3u8,145159122,False
https://wibes-03.wbbasket.ru/156d6ab3-9ed5-48a8-b344-0ec681df5d23/guru-video-1080/index.m3u8,204574399,False
https://wibes-01.wbbasket.ru/fae6d0d1-00fc-11f0-b9ca-ead455770a99/35343938303532-wibe-video-1080/index.m3u8,200565604,False
https://wibes-05.wbbasket.ru/44ce3216-de2f-11ef-babf-820389a80884/35343836353939-wibe-video-1080/index.m3u8,9975420,True
https://wibes-05.wbbasket.ru/99ce61a1-ff31-11ef-a58a-0ab073837fcd/35353239303234-wibe-video-853/index.m3u8,259982564,True
https://wibes-07.wbbasket.ru/82412e83-51b6-4cbe-860d-67f642ef38aa/43853-wbkids_articles_editor-video-1080/index.m3u8,241928037,False
https://wibes-01.wbbasket.ru/00fcd036-fed8-11ef-8984-561295f0528a/35353031333031-wibe-video-852/index.m3u8,123732322,False
https://wibes-06.wbbasket.ru/65675dbb-fe84-11ef-ac15-c68406035fd8/34393038383633-wibe-video-1080/index.m3u8,346638215,False
https://wibes-07.wbbasket.ru/bd108d2a-0014-11f0-b348-2a871039f555/35353531383133-wibe-video-853/index.m3u8,220675784,False
https://wibes-03.wbbasket.ru/f52b8a34-f414-11ef-aa36-9ae807a55d45/32323836373332-wibe-video-1920/index.m3u8,207619442,True
https://wibes-03.wbbasket.ru/f5c12003-bf0b-475f-864e-a85b8ad8fad0/guru-video-1080/index.m3u8,202461815,False
https://wibes-05.wbbasket.ru/c089237a-000a-11f0-926a-a247c64547dd/35353530323837-wibe-video-852/index.m3u8,159109878,False
https://wibes-02.wbbasket.ru/7835d9fd-ff2d-11ef-b500-129ccb58d176/31313139393830-wibe-video-720/index.m3u8,217816576,False
https://wibes-07.wbbasket.ru/df732f21-f416-11ef-b8cf-1aeac5018cd1/32323836373332-wibe-video-1920/index.m3u8,205524427,False
https://wibes-01.wbbasket.ru/fced66fe-ff41-11ef-8984-561295f0528a/35353331313136-wibe-video-853/index.m3u8,250480044,True
https://wibes-06.wbbasket.ru/047233de-02ae-11f0-9c53-b29a98419bd7/35343839353336-wibe-video-1920/index.m3u8,247966494,False
https://wibes-02.wbbasket.ru/a6217a83-01cb-11f0-ad54-5eb6bb6bd3c8/32313234363334-wibe-video-1080/index.m3u8,254076584,False
https://wibes-04.wbbasket.ru/e8f8934c-fed2-11ef-a58a-0ab073837fcd/35353030333238-wibe-video-853/index.m3u8,216312553,False
https://wibes-06.wbbasket.ru/59d4945e-03eb-11f0-aff0-ca914550bbaa/35363334393336-wibe-video-853/index.m3u8,10282338,False
https://wibes-07.wbbasket.ru/46f0926f-df33-11ef-8ed8-8ebdf4a0606c/34393031363039-wibe-video-1080/index.m3u8,248111666,False
https://wibes-01.wbbasket.ru/aa7e0c91-ff70-11ef-8edd-42bad6f4a59d/383734363031-wibe-video-720/index.m3u8,332330835,False
https://wibes-05.wbbasket.ru/b61af247-fff6-11ef-a0ae-eea6100abea2/33333638393531-wibe-video-800/index.m3u8,72316779,True
https://wibes-03.wbbasket.ru/d1432be1-ff49-11ef-9d42-923d1b44cc01/35353238363839-wibe-video-853/index.m3u8,165630381,True
https://wibes-02.wbbasket.ru/9bdc19f7-00fe-11f0-a70a-2e5e9a751d71/35353432323538-wibe-video-720/index.m3u8,87154604,False
https://wibes-02.wbbasket.ru/42f14254-04da-11f0-8381-3e94e9984d61/31373939383939-wibe-video-720/index.m3u8,7611452,False
https://wibes-03.wbbasket.ru/cd491b33-f941-11ef-8c15-fab5f96b1e41/343334343230-wibe-video-464/index.m3u8,199898713,True
https://wibes-02.wbbasket.ru/1781c82a-fe65-11ef-8acd-5623dd115d7e/35343930343637-wibe-video-1080/index.m3u8,304345421,True
https://wibes-03.wbbasket.ru/bb9fddec-0046-11f0-9952-1efe1f6a413c/35353136383230-wibe-video-1080/index.m3u8,246479307,True
https://wibes-04.wbbasket.ru/e1fa0de8-0401-11f0-a2b2-a2b330640b0b/35353031323630-wibe-video-852/index.m3u8,167147025,False
https://wibes-01.wbbasket.ru/903e7b50-de21-11ef-8808-8e7475e842b6/35343836333335-wibe-video-1080/index.m3u8,210669234,False
https://wibes-01.wbbasket.ru/283d4a07-ff4c-11ef-b8e5-fe10359bcfda/35353334363038-wibe-video-1080/index.m3u8,169764804,False
https://wibes-01.wbbasket.ru/cbd01cfe-fffb-11ef-a2e3-7245b0c14aa5/35353530323837-wibe-video-853/index.m3u8,310435367,False
https://wibes-04.wbbasket.ru/f7d1afec-f5c2-11ef-9667-42e59608de03/33333332343038-wibe-video-1080/index.m3u8,241845608,False
https://wibes-02.wbbasket.ru/1270269e-f032-11ef-8ed8-e23b3727fdfb/35343838303337-wibe-video-810/index.m3u8,228459190,True
https://wibes-01.wbbasket.ru/3d0e9274-0337-11f0-a8c8-7e81c276a251/35353530383132-wibe-video-1080/index.m3u8,213944206,False
https://wibes-05.wbbasket.ru/6562dd14-fe86-11ef-84e3-82bc3719fa1c/31383433393036-wibe-video-720/index.m3u8,318215046,False
https://wibes-02.wbbasket.ru/7ff98fd1-02b5-11f0-908d-5e1bc4da39d8/31393436393030-wibe-video-1920/index.m3u8,262194345,True
https://wibes-01.wbbasket.ru/cd361de9-e541-11ef-b0fb-7625134a9bcb/35343837303433-wibe-video-1080/index.m3u8,214761236,False
https://wibes-06.wbbasket.ru/8c1f2bbc-0010-11f0-b0bc-927aa2142b9c/35353238363437-wibe-video-852/index.m3u8,178095604,False
https://wibes-04.wbbasket.ru/91503bc7-fff6-11ef-92f6-12778f2f7eb7/35353439363330-wibe-video-720/index.m3u8,332482303,False
https://wibes-06.wbbasket.ru/1b2be07d-ff34-11ef-a43f-468c0c4794db/35353330303436-wibe-video-768/index.m3u8,252641012,False
https://wibes-06.wbbasket.ru/574db478-008b-11f0-b348-2a871039f555/353539313234-wibe-video-853/index.m3u8,12272665,False
https://wibes-01.wbbasket.ru/f3cb8705-eeba-11ef-a0a3-8a65e354ab8b/35343837313535-wibe-video-1080/index.m3u8,153902251,False
https://wibes-06.wbbasket.ru/574db478-008b-11f0-b348-2a871039f555/353539313234-wibe-video-853/index.m3u8,306067850,False
https://wibes-02.wbbasket.ru/3c1698ee-fe79-11ef-802c-3ab2422ef61f/33383536303835-wibe-video-1080/index.m3u8,258021433,False
https://wibes-05.wbbasket.ru/a7f83185-ff4b-11ef-a746-869ff26df103/31313235303639-wibe-video-624/index.m3u8,204518427,False
https://wibes-02.wbbasket.ru/76879e1a-2078-448f-9d11-fb3d32681e54/703432-wbkids_articles_editor-video-1080/index.m3u8,163400713,False
https://wibes-01.wbbasket.ru/1920baff-019c-11f0-ac15-eed9d2cdac49/35353738333234-wibe-video-720/index.m3u8,253164078,False
https://wibes-06.wbbasket.ru/6d92a2cd-eca7-11ef-91a0-3ac8e63663bf/35343837373037-wibe-video-1080/index.m3u8,316765084,False
https://wibes-02.wbbasket.ru/e9f350ac-f820-11ef-9667-42e59608de03/333933313638-wibe-video-720/index.m3u8,248675976,True
https://wibes-07.wbbasket.ru/d58750c9-0043-11f0-9338-d6cab4772646/35353537343938-wibe-video-853/index.m3u8,312044059,True
https://wibes-03.wbbasket.ru/4cfa229b-b511-4c84-8c92-4c41fa46c1b5/54398-guru-video-1080/index.m3u8,223258018,False
https://wibes-06.wbbasket.ru/565a9a37-ff7d-11ef-a91e-aec03e219bab/32353039313836-wibe-video-1920/index.m3u8,231816480,False
https://wibes-02.wbbasket.ru/35bac476-e6a7-11ef-9573-bebf2b0a4193/343739383839-wibe-video-1080/index.m3u8,237272123,True
https://wibes-06.wbbasket.ru/9142890c-fe78-11ef-9d42-923d1b44cc01/35343934353030-wibe-video-853/index.m3u8,268776304,False
https://wibes-05.wbbasket.ru/f599c270-ea3a-11ef-9695-b204b1b3e7fa/35343836353639-wibe-video-1080/index.m3u8,209329278,False
https://wibes-03.wbbasket.ru/c15a63d2-030d-11f0-8897-ea6dfe1c7b10/35363038343433-wibe-video-1080/index.m3u8,149954473,True
https://wibes-04.wbbasket.ru/41479a13-9216-44bd-8817-0b03e3ce347a/11166-wbkids_articles_editor-video-1080/index.m3u8,208018401,False
https://wibes-07.wbbasket.ru/73d14632-d291-461d-aea0-8deb592dda73/1103538-wbkids_articles_editor-video-1080/index.m3u8,108990852,False
https://wibes-01.wbbasket.ru/acf59477-067a-11f0-9e6f-82dfee066751/31383538333935-wibe-video-720/index.m3u8,240205592,False
https://wibes-02.wbbasket.ru/379f3895-ffb2-11ef-b041-c6123ca80fb7/343134323037-wibe-video-853/index.m3u8,173267870,False
https://wibes-04.wbbasket.ru/1ab46335-02e9-11f0-9c53-b29a98419bd7/35363035353833-wibe-video-1920/index.m3u8,247678769,True
https://wibes-05.wbbasket.ru/aaabe02c-00b8-11f0-a222-1e0689ece429/35313131383335-wibe-video-853/index.m3u8,257468488,True
https://wibes-04.wbbasket.ru/99af003d-e577-11ef-bc4f-3a7189a20ef5/35343836373133-wibe-video-1080/index.m3u8,296819026,False
https://wibes-05.wbbasket.ru/aca4cd07-02e7-11f0-9763-56d261be8c37/35363035353833-wibe-video-1920/index.m3u8,273349464,False
https://wibes-05.wbbasket.ru/9ae887da-75a0-4102-9d42-016e10a31ac9/guru-video-1080/index.m3u8,40110279,False
https://wibes-03.wbbasket.ru/fe30c926-03d6-11f0-b2a3-3a420a9d5c27/31393235323634-wibe-video-720/index.m3u8,262525442,True
https://wibes-02.wbbasket.ru/f5efb3d3-e151-11ef-9619-fec19f3cbc92/33303837363938-wibe-video-1080/index.m3u8,47583774,False
https://wibes-03.wbbasket.ru/eafb6536-0117-11f0-b50f-1e3d095f9d61/35353732323938-wibe-video-853/index.m3u8,314529976,True
https://wibes-02.wbbasket.ru/2744ff46-0309-11f0-801f-ce6bd4fa71ac/35353438393435-wibe-video-1080/index.m3u8,271180947,False
https://wibes-01.wbbasket.ru/8690cbbc-019f-11f0-b9b6-8a5e224329ea/35353032373831-wibe-video-1920/index.m3u8,200935968,False
https://wibes-01.wbbasket.ru/42246736-ff25-11ef-84c7-1ac007fcbd5a/35353234303031-wibe-video-853/index.m3u8,152971746,False
https://wibes-07.wbbasket.ru/21d79647-ff1d-11ef-bccb-368a70a12aad/35353230313837-wibe-video-853/index.m3u8,198710365,False
https://wibes-06.wbbasket.ru/63ca22e9-01ea-11f0-908d-5e1bc4da39d8/35353837313935-wibe-video-852/index.m3u8,287691553,False
https://wibes-04.wbbasket.ru/55de67e5-ff65-11ef-adf7-8a52cb35d78f/33323631303632-wibe-video-720/index.m3u8,70698605,False
https://wibes-05.wbbasket.ru/f546ec12-ff54-11ef-a657-3293f04166eb/35353336313434-wibe-video-853/index.m3u8,256581070,False
https://wibes-01.wbbasket.ru/7065d071-00a9-11f0-a99b-865834f0f57a/35353631343432-wibe-video-1080/index.m3u8,301332280,False
https://wibes-01.wbbasket.ru/c8f67dc9-ff54-11ef-bb1f-8ed0062a83b7/35343935383436-wibe-video-1080/index.m3u8,209755073,False
https://wibes-01.wbbasket.ru/be40df02-00b0-11f0-9799-3e385ffa6709/35353437343131-wibe-video-850/index.m3u8,267569264,False
https://wibes-07.wbbasket.ru/1c9ea599-0338-11f0-9027-9223da78cd29/35333434333930-wibe-video-480/index.m3u8,219581833,False
https://wibes-07.wbbasket.ru/e68cc66b-9651-4ff0-a236-3865080d99b9/guru-video-1080/index.m3u8,10857114,False
https://wibes-05.wbbasket.ru/216a2afb-f523-11ef-b661-e6e87319c2e3/32363736323635-wibe-video-1280/index.m3u8,154965274,False
https://wibes-04.wbbasket.ru/619cc762-f9b4-11ef-8c15-fab5f96b1e41/35343836353639-wibe-video-720/index.m3u8,163629301,False
https://wibes-02.wbbasket.ru/c21e7ffc-2083-45ac-a535-84011913ea3a/204225-wbkids_articles_editor-video-1080/index.m3u8,149189981,True
https://wibes-07.wbbasket.ru/ae7c2510-0184-11f0-8d29-76364e8ee8b9/35353638383832-wibe-video-1080/index.m3u8,276234667,False
https://wibes-07.wbbasket.ru/cb216488-00e2-11f0-a10b-52a19d72346f/35353332313635-wibe-video-720/index.m3u8,166913126,True
https://wibes-02.wbbasket.ru/42d69030-0ce0-45f8-af79-6eb537092a08/guru-video-1080/index.m3u8,322442761,False
https://wibes-03.wbbasket.ru/515eba5d-837b-4ae1-b514-1ad7513ad3cc/155085-wbkids_articles_editor-video-1080/index.m3u8,61360159,False
https://wibes-02.wbbasket.ru/f9178aee-dfb8-11ef-8ed8-8ebdf4a0606c/35343836373034-wibe-video-1080/index.m3u8,211230523,False
https://wibes-05.wbbasket.ru/681d8d0b-82e5-4cda-bdcc-9d42940e004c/1103538-wbkids_articles_editor-video-1080/index.m3u8,169867350,True
https://wibes-04.wbbasket.ru/febb8bfa-ff2a-11ef-af61-d26bd23330e5/35353233303530-wibe-video-853/index.m3u8,248233353,False
https://wibes-06.wbbasket.ru/4e70110f-4131-44bf-9725-d5d3e667fdce/guru-video-1080/index.m3u8,270524539,False
https://wibes-02.wbbasket.ru/ea904508-00fa-11f0-bb15-baa94e9cdf9c/35353536393233-wibe-video-853/index.m3u8,200540901,True
https://wibes-06.wbbasket.ru/accd0f34-017d-11f0-aff0-ca914550bbaa/31323638303331-wibe-video-852/index.m3u8,114243055,False
https://wibes-01.wbbasket.ru/6d36c95a-feb1-11ef-be6e-ae264e7f3611/35343938353434-wibe-video-1080/index.m3u8,179117646,False
https://wibes-03.wbbasket.ru/d9b855dd-057e-11f0-8e14-a254d9484ee4/35363630323432-wibe-video-853/index.m3u8,197605964,False
https://wibes-07.wbbasket.ru/353df558-5db8-4c4d-8fce-85fe0776ae1e/11166-wbkids_articles_editor-video-1080/index.m3u8,217882425,False
https://wibes-01.wbbasket.ru/1d0ceec1-00df-11f0-b2e0-eaeef2fbbc6f/35353432323538-wibe-video-852/index.m3u8,267099692,False
https://wibes-05.wbbasket.ru/13679f4e-0109-11f0-a5ef-5682eb0497bb/35353439303936-wibe-video-1080/index.m3u8,293965099,False
https://wibes-04.wbbasket.ru/13edce1f-03c6-11f0-9c74-6226313c139f/35363239323434-wibe-video-478/index.m3u8,306854769,False
https://wibes-06.wbbasket.ru/152589b2-0579-11f0-80f7-ca42ff5002fd/35363539383932-wibe-video-1080/index.m3u8,197256813,False
https://wibes-04.wbbasket.ru/d9966151-026a-11f0-abbf-dad751a51a6d/35353938323434-wibe-video-1080/index.m3u8,146793158,False
https://wibes-01.wbbasket.ru/40b25a9c-064e-11f0-916e-22c70e75a27d/35343831393436-wibe-video-1080/index.m3u8,334623332,False
https://wibes-05.wbbasket.ru/610976b6-03f6-11f0-b456-126862b3e2ab/35363335383239-wibe-video-852/index.m3u8,317845266,False
https://wibes-01.wbbasket.ru/d6d03ab0-ff04-11ef-8c8e-9eada56a1e70/35353230303935-wibe-video-852/index.m3u8,276224968,True
https://wibes-06.wbbasket.ru/5bf59124-fed1-11ef-bccb-368a70a12aad/35353030343136-wibe-video-853/index.m3u8,240688295,False
https://wibes-01.wbbasket.ru/9630a06c-ff8b-11ef-83b5-b674d18b5c70/35353334313136-wibe-video-853/index.m3u8,168805337,False
https://wibes-03.wbbasket.ru/a6a1396b-01de-11f0-9027-9223da78cd29/35353837313935-wibe-video-1080/index.m3u8,230414256,False
https://wibes-03.wbbasket.ru/6708578f-02e8-11f0-b60f-6ac77fd80f6a/35363035353833-wibe-video-1920/index.m3u8,240753442,False
https://wibes-04.wbbasket.ru/047f8583-00d5-11f0-8af5-be78cd4d6c4c/32393733373434-wibe-video-960/index.m3u8,248029120,False
https://wibes-03.wbbasket.ru/c6f962b4-04ae-11f0-9432-e6e37493b38e/35363437363431-wibe-video-1920/index.m3u8,172889330,False
https://wibes-02.wbbasket.ru/5cd14ad9-ff5e-11ef-948c-dabb9d1685d8/32373032393335-wibe-video-853/index.m3u8,203398981,False
https://wibes-05.wbbasket.ru/eae2f3c1-2b5a-45cc-80f2-aa3594228015/guide-video-1080/index.m3u8,230766337,True
https://wibes-02.wbbasket.ru/67b9f881-ff2d-11ef-8913-aabeaf6778d9/373035383932-wibe-video-1080/index.m3u8,158430629,False
https://wibes-01.wbbasket.ru/e16c2f35-e97e-4cb0-ba8d-b969642bbf82/33383938393331-guru-video-1080/index.m3u8,123079333,True
https://wibes-01.wbbasket.ru/3723251c-0106-11f0-b858-7a768b6c9c53/32313432343233-wibe-video-1080/index.m3u8,310904661,False
https://wibes-02.wbbasket.ru/8b13f47a-035a-11f0-b9b6-8a5e224329ea/35363139353435-wibe-video-853/index.m3u8,328187916,False
https://wibes-07.wbbasket.ru/4218607c-ffea-11ef-89e5-d60c3e5bb356/35353435323235-wibe-video-853/index.m3u8,243136770,False
https://wibes-05.wbbasket.ru/4a881ef4-00b6-11f0-a13b-a6d6cd3017f2/35353632373631-wibe-video-852/index.m3u8,205438732,False
https://wibes-02.wbbasket.ru/3de4eb6f-ff3f-11ef-a6f1-9acef21d9a46/35353331393831-wibe-video-1280/index.m3u8,254565007,False
https://wibes-06.wbbasket.ru/fec07656-fecb-11ef-948c-dabb9d1685d8/35343939363030-wibe-video-852/index.m3u8,151495459,False
https://wibes-03.wbbasket.ru/1f0413f4-6f85-4690-8b09-f361ceaf4352/38339-guru-video-1080/index.m3u8,334468865,False
https://wibes-01.wbbasket.ru/87795b6c-0089-11f0-82cd-d2c7fd0acdb2/35353539393438-wibe-video-464/index.m3u8,351340870,False
https://wibes-01.wbbasket.ru/eb3a56f2-e79c-11ef-8520-b663b05cd8b7/31323230363832-wibe-video-1080/index.m3u8,211559586,False
https://wibes-02.wbbasket.ru/62a4b2b2-00ba-11f0-b0e8-d2a38067b662/35353632343039-wibe-video-853/index.m3u8,246677112,True
https://wibes-04.wbbasket.ru/c750a4e9-f7b7-11ef-84bd-b2c23d1c94d3/35343838353537-wibe-video-1080/index.m3u8,191341768,False
https://wibes-02.wbbasket.ru/cde58dc5-ff15-11ef-995c-d2f1ff43a67a/35353137333938-wibe-video-640/index.m3u8,215515622,False
https://wibes-06.wbbasket.ru/12f77ca9-e280-44c6-a5d9-cb1a93f22768/guru-video-1080/index.m3u8,64101610,False
https://wibes-02.wbbasket.ru/ba61bc30-03ed-11f0-b9b6-8a5e224329ea/35363134373033-wibe-video-852/index.m3u8,275524443,True
https://wibes-06.wbbasket.ru/4c3cfac0-dfec-11ef-b0d2-a66c9162490c/35343836383539-wibe-video-1080/index.m3u8,287685133,True
https://wibes-01.wbbasket.ru/e62d377f-ff7d-11ef-b830-0e93fafbabc1/34383731303032-wibe-video-960/index.m3u8,188454708,False
https://wibes-05.wbbasket.ru/2e71eda5-ffff-11ef-89e5-d60c3e5bb356/35353530383636-wibe-video-853/index.m3u8,173415032,False
https://wibes-05.wbbasket.ru/8747b96d-ff45-11ef-84c7-1ac007fcbd5a/35353138333831-wibe-video-853/index.m3u8,170626840,True
https://wibes-03.wbbasket.ru/bbd21718-0563-11f0-bb6c-6adb06314c32/323239373239-wibe-video-1920/index.m3u8,170335690,False
https://wibes-05.wbbasket.ru/62ab42cd-fea4-11ef-aa16-eede55a43e4b/35353130393233-wibe-video-720/index.m3u8,165809630,False
https://wibes-07.wbbasket.ru/8168dc21-058c-11f0-93be-522441b7a462/35363337343337-wibe-video-720/index.m3u8,179979311,False
https://wibes-06.wbbasket.ru/30b678ca-004a-11f0-a864-6a02630a6ea0/35353538363635-wibe-video-853/index.m3u8,270844583,False
https://wibes-06.wbbasket.ru/218e6e8f-001e-11f0-8059-92661cff1566/35353436373838-wibe-video-853/index.m3u8,218346614,False
https://wibes-01.wbbasket.ru/dfa89508-ff39-11ef-b418-5e8874d51c6b/35343839363239-wibe-video-1080/index.m3u8,179979311,False
https://wibes-04.wbbasket.ru/767cbd3b-004f-11f0-b4c8-5e949b77d53c/35353539303534-wibe-video-1080/index.m3u8,148389833,False
https://wibes-05.wbbasket.ru/391cf783-0356-11f0-86d8-de26e30c91f1/33333830383430-wibe-video-1080/index.m3u8,70586435,False
https://wibes-07.wbbasket.ru/1500c474-03c9-11f0-9d96-ca2e0ed8893d/35343139393232-wibe-video-1080/index.m3u8,332654403,False
https://wibes-01.wbbasket.ru/2b74f6a0-00d2-11f0-9c0d-e2c0e60e878e/35343938303532-wibe-video-1080/index.m3u8,227840874,False
https://wibes-07.wbbasket.ru/06fe73a9-e07c-11ef-9b4e-42b0d0602b1a/35343836323733-wibe-video-1080/index.m3u8,84961896,False
https://wibes-01.wbbasket.ru/f86aeb8e-feb4-11ef-b6dc-1a6f171b79c6/35343930363430-wibe-video-853/index.m3u8,62190584,False
https://wibes-06.wbbasket.ru/e02d8b93-00e3-11f0-b12b-9eb6270de772/35353233383337-wibe-video-720/index.m3u8,328496323,False
https://wibes-05.wbbasket.ru/f51fbc36-ffdf-11ef-b20c-d6ea7ce8f9e8/35353432323934-wibe-video-900/index.m3u8,89092230,False
https://wibes-02.wbbasket.ru/bab2f65b-0239-11f0-a075-12c7ba916876/35353735373535-wibe-video-768/index.m3u8,264360018,False
https://wibes-01.wbbasket.ru/1299f919-fe6a-11ef-9e9a-7e0f9967c4af/32373533303032-wibe-video-853/index.m3u8,120980748,False
https://wibes-07.wbbasket.ru/7d1ae234-04c9-11f0-9d10-a652b316278b/35363439373335-wibe-video-853/index.m3u8,295799651,True
https://wibes-05.wbbasket.ru/6ef26221-799a-4285-b092-93358fd6a443/341393-wbkids_articles_editor-video-1080/index.m3u8,111471223,False
https://wibes-07.wbbasket.ru/66fd8484-c236-4573-a885-6ba9936c4dda/56041-wbkids_articles_editor-video-1080/index.m3u8,144551799,False
https://wibes-07.wbbasket.ru/0093de46-f5c4-11ef-88e6-ca575886b578/11166-wbkids_articles_editor-video-0/index.m3u8,252925606,False
https://wibes-04.wbbasket.ru/d4e745e3-ff30-11ef-b3fb-8a1ccbad7fb6/35353237303937-wibe-video-720/index.m3u8,312696106,False
https://wibes-05.wbbasket.ru/938a5eb8-eacc-11ef-9b24-ce2f87671b98/35343837383330-wibe-video-1080/index.m3u8,92341225,False
https://wibes-02.wbbasket.ru/d697e319-ff2d-11ef-85b7-aec3799c8825/35353238343634-wibe-video-1125/index.m3u8,201452568,True
https://wibes-04.wbbasket.ru/1fa489b8-ff13-11ef-89db-4e67ca90bf06/35353138313939-wibe-video-1080/index.m3u8,288633065,False
https://wibes-07.wbbasket.ru/5bd7b5d8-ff50-11ef-84c7-1ac007fcbd5a/35343930383231-wibe-video-853/index.m3u8,251154062,False
https://wibes-06.wbbasket.ru/528cc64e-e9db-11ef-b1dd-3ac822415f86/35343837363639-wibe-video-1080/index.m3u8,275103030,False
https://wibes-05.wbbasket.ru/62630270-04e9-11f0-9d10-a652b316278b/33333739363039-wibe-video-852/index.m3u8,334621958,False
https://wibes-04.wbbasket.ru/6cfb6c7f-c432-4798-b989-be8ef50e692a/34734-wbkids_articles_editor-video-1080/index.m3u8,246891353,False
https://wibes-01.wbbasket.ru/576434e9-031f-11f0-84ef-b2ac700d584a/31313532373738-wibe-video-480/index.m3u8,316107075,False
https://wibes-01.wbbasket.ru/36d2c112-0426-11f0-98a7-e28930524065/35353138373738-wibe-video-1280/index.m3u8,220289982,True
https://wibes-06.wbbasket.ru/f23b41b0-04b8-11f0-bdd9-02187c89a235/31333737333731-wibe-video-1080/index.m3u8,239451697,True
https://wibes-04.wbbasket.ru/9da0ab60-0415-11f0-9072-1e4fa14d02c9/35353338333737-wibe-video-1080/index.m3u8,165212087,False
https://wibes-06.wbbasket.ru/270bed35-ff1d-11ef-a91e-aec03e219bab/35353230313837-wibe-video-853/index.m3u8,244767459,True
https://wibes-04.wbbasket.ru/db461342-0341-11f0-82a4-b63aa71d229c/32323836353435-wibe-video-624/index.m3u8,106177163,True
https://wibes-01.wbbasket.ru/fced66fe-ff41-11ef-8984-561295f0528a/35353331313136-wibe-video-853/index.m3u8,332472601,True
https://wibes-04.wbbasket.ru/12cbbd3d-ff2a-11ef-af61-d26bd23330e5/35353233303530-wibe-video-852/index.m3u8,170238055,False
https://wibes-07.wbbasket.ru/233639c0-be15-44e9-8b50-ce082787c0e1/1266307-wbkids_articles_editor-video-1080/index.m3u8,235443739,False
https://wibes-06.wbbasket.ru/8b82d99b-feb1-11ef-8264-4671a65dc5b0/35353134333434-wibe-video-1080/index.m3u8,317856569,True
https://wibes-05.wbbasket.ru/3e0d1042-fff2-11ef-a2c7-fab154d28396/33323436393732-wibe-video-720/index.m3u8,278205075,False
https://wibes-05.wbbasket.ru/3d95629d-0596-11f0-b3f7-92c61b351291/35353030393936-wibe-video-1080/index.m3u8,316170436,True
https://wibes-04.wbbasket.ru/72373207-00c2-11f0-9bc1-3258bce24be2/35353633383134-wibe-video-855/index.m3u8,158602640,False
https://wibes-07.wbbasket.ru/ebe42c72-0260-11f0-8a82-5ee170d8fdaf/383230353639-wibe-video-720/index.m3u8,17523696,False
https://wibes-03.wbbasket.ru/a0d30116-ff23-11ef-96d5-a6bb3743b5f2/333130343335-wibe-video-853/index.m3u8,180820269,False
https://wibes-01.wbbasket.ru/f6304c81-eebc-11ef-a0a3-8a65e354ab8b/31333533363035-wibe-video-1080/index.m3u8,322319601,False
https://wibes-04.wbbasket.ru/09eaa0e2-953f-49e0-9ccb-d576d65285a2/1201671-wbkids_articles_editor-video-1080/index.m3u8,96157216,False
https://wibes-05.wbbasket.ru/2c53e246-ff4e-11ef-90da-fa0e609547dc/35343939303935-wibe-video-852/index.m3u8,277043996,False
https://wibes-03.wbbasket.ru/43620ca8-00da-11f0-a11b-a27fc3bc4827/35353532383230-wibe-video-1080/index.m3u8,264424818,True
https://wibes-07.wbbasket.ru/b79fa166-ff7d-11ef-85ee-0a40dbe5b297/35353431393930-wibe-video-720/index.m3u8,310285288,False
https://wibes-02.wbbasket.ru/6fee426b-f0e4-11ef-bb8b-120c8248da7e/35343838323430-wibe-video-810/index.m3u8,115531805,True
https://wibes-05.wbbasket.ru/5ddabd71-fe9f-11ef-9d42-923d1b44cc01/32303739353739-wibe-video-853/index.m3u8,211466256,False
https://wibes-05.wbbasket.ru/fd7954a6-033c-11f0-b2dc-e6f9bc73476a/35353430333830-wibe-video-1080/index.m3u8,271685562,False
https://wibes-02.wbbasket.ru/a2851c20-f997-11ef-a43a-36129539114d/383235383133-wibe-video-853/index.m3u8,173242863,False
https://wibes-05.wbbasket.ru/575f27df-030f-11f0-b2a3-3a420a9d5c27/35363038383738-wibe-video-1080/index.m3u8,15655772,False
https://wibes-05.wbbasket.ru/d1dfcf39-018a-11f0-94b6-f2328f2ab79f/35333434333930-wibe-video-720/index.m3u8,229253547,False
https://wibes-05.wbbasket.ru/de6d4de7-ffc2-11ef-93e8-62a8c69d6065/35353232323231-wibe-video-1080/index.m3u8,241605564,False
https://wibes-06.wbbasket.ru/a6cd5646-f500-11ef-9667-42e59608de03/31353334393031-wibe-video-1080/index.m3u8,300100865,True
https://wibes-02.wbbasket.ru/1c465aaf-00ff-11f0-abbf-dad751a51a6d/35353033363134-wibe-video-1080/index.m3u8,246489979,False
https://wibes-07.wbbasket.ru/2427f7c2-f50c-11ef-aa5b-3a2433e5fa40/31353334393031-wibe-video-960/index.m3u8,110708244,False
https://wibes-04.wbbasket.ru/ac048b64-e22e-11ef-9b9b-faacc4022a8e/35343836393530-wibe-video-1080/index.m3u8,164741768,True
https://wibes-05.wbbasket.ru/1bf169db-0031-11f0-ae1c-928ec84cd66f/35353130393234-wibe-video-720/index.m3u8,78509140,True
https://wibes-04.wbbasket.ru/f7622166-f083-11ef-8059-b2a1229a618d/35343837373836-wibe-video-853/index.m3u8,204058816,False
https://wibes-05.wbbasket.ru/d1a4f092-ff51-11ef-8ed5-6623aa30fda9/35353331363731-wibe-video-853/index.m3u8,246057788,False
https://wibes-03.wbbasket.ru/967e419c-fe8e-11ef-bf4a-4604539a5b9f/393735393230-wibe-video-1080/index.m3u8,206686098,True
https://wibes-02.wbbasket.ru/4f94c3a8-ff55-11ef-bccb-368a70a12aad/31383635373936-wibe-video-853/index.m3u8,281834042,False
https://wibes-01.wbbasket.ru/6f3df831-e5b9-4c93-9d94-2930edccd349/11166-wbkids_articles_editor-video-1080/index.m3u8,4912837,False
https://wibes-06.wbbasket.ru/f82495cf-ff1b-11ef-903a-06d00bba7acf/393631363431-wibe-video-464/index.m3u8,316063196,False
https://static-basket-02.wbbasket.ru/vol25/4083657/wbkids_articles_editor/video-cd98080a-3fc3-43c4-b04e-3f4ccb59b629/index.m3u8,229275682,True
https://wibes-06.wbbasket.ru/88237df9-0009-11f0-8fc9-ae9c0a5e4e1a/35353236383836-wibe-video-1080/index.m3u8,257307324,False
https://wibes-07.wbbasket.ru/f3fbdfc0-252a-49b9-ab4b-6d5f02ff89b8/11166-wbkids_articles_editor-video-1080/index.m3u8,26493224,True
https://wibes-02.wbbasket.ru/7835d9fd-ff2d-11ef-b500-129ccb58d176/31313139393830-wibe-video-720/index.m3u8,191061674,True
https://wibes-01.wbbasket.ru/a299b84a-0299-11f0-8952-6a437cbf3e20/35353034393138-wibe-video-720/index.m3u8,307827592,True
https://wibes-05.wbbasket.ru/b343ae5b-0019-11f0-9749-2e733b547d0b/35343333323539-wibe-video-1080/index.m3u8,279457352,False
https://wibes-02.wbbasket.ru/af365852-00b2-11f0-b148-da8f057f981f/35353632343832-wibe-video-852/index.m3u8,235009913,False
https://wibes-04.wbbasket.ru/94bc49ae-ea2a-11ef-bc6c-da5d9d0f416f/323737333730-wibe-video-1080/index.m3u8,57844904,True
https://wibes-03.wbbasket.ru/bb85773d-feb6-11ef-8e54-3ec8032a4d0a/35343838363238-wibe-video-1080/index.m3u8,183790416,True
https://wibes-04.wbbasket.ru/5731c356-ff5e-11ef-a5e8-6ea5f0389a30/32373032393335-wibe-video-853/index.m3u8,329446539,False
https://wibes-03.wbbasket.ru/07b8171d-0287-11f0-8897-ea6dfe1c7b10/35353232303139-wibe-video-1080/index.m3u8,71875954,False
https://wibes-04.wbbasket.ru/4cf9220b-0237-11f0-93a1-6ac77fd80f6a/35353338373937-wibe-video-853/index.m3u8,144767078,False
https://wibes-06.wbbasket.ru/15e20943-83da-4ad5-aa58-ce27b26ad59d/32353630333632-wibe-video-1080/index.m3u8,317489667,False
https://wibes-02.wbbasket.ru/134adcbd-000c-11f0-926a-a247c64547dd/35353532343337-wibe-video-853/index.m3u8,228928843,False
https://wibes-07.wbbasket.ru/afdef7fc-fffa-11ef-b810-a2d40a032259/34383838343635-wibe-video-852/index.m3u8,133698525,False
https://wibes-06.wbbasket.ru/969f0d58-eddf-11ef-80e6-cef90c3fa9c0/32363037313439-wibe-video-1080/index.m3u8,185442077,False
https://wibes-04.wbbasket.ru/f18c7ec3-6359-426a-96bb-6c8dd1ec77a6/guru-video-1080/index.m3u8,313137766,True
https://wibes-01.wbbasket.ru/860dae9f-a268-441b-a488-590f06f83681/38628-wbkids_articles_editor-video-1080/index.m3u8,41053522,True
https://wibes-07.wbbasket.ru/a20226f4-e573-11ef-b272-66d9c1201d18/35343836313735-wibe-video-1080/index.m3u8,278763730,True
https://wibes-02.wbbasket.ru/3d2053fa-060b-11f0-b25a-a257f441be34/35353233383136-wibe-video-853/index.m3u8,241721102,False
https://wibes-05.wbbasket.ru/5e32e606-032b-11f0-a8c8-7e81c276a251/35363036393730-wibe-video-720/index.m3u8,242099759,False
https://wibes-04.wbbasket.ru/c9236dc1-0002-11f0-926a-a247c64547dd/35353239343330-wibe-video-853/index.m3u8,224280025,True
https://wibes-06.wbbasket.ru/61d87f1a-ffd6-11ef-b810-a2d40a032259/32393830313134-wibe-video-1280/index.m3u8,265687362,False
https://wibes-02.wbbasket.ru/af7ada82-052b-11f0-b197-66be80331c94/31373936373131-wibe-video-1080/index.m3u8,231423337,False
https://wibes-04.wbbasket.ru/740f9e83-fe91-11ef-862a-6ad9e5766242/31383436333933-wibe-video-720/index.m3u8,191654312,False
https://wibes-07.wbbasket.ru/6d614ef9-019c-11f0-bb15-baa94e9cdf9c/35353737363538-wibe-video-852/index.m3u8,180733691,False
https://wibes-07.wbbasket.ru/4365e061-0266-11f0-895e-c261cebf5931/363131353630-wibe-video-720/index.m3u8,212160914,True
https://wibes-03.wbbasket.ru/9ae1bea0-e012-11ef-b0d2-a66c9162490c/35343836323733-wibe-video-1080/index.m3u8,212554915,True
https://wibes-01.wbbasket.ru/1b4264bd-0021-11f0-b348-2a871039f555/35343934313839-wibe-video-851/index.m3u8,296483736,False
https://wibes-05.wbbasket.ru/7928227d-fec4-11ef-9d43-467eef4cde48/35353137333230-wibe-video-1200/index.m3u8,123505635,False
https://wibes-06.wbbasket.ru/506a8ec2-001c-11f0-a627-fa5cf0775fc3/35353534313431-wibe-video-720/index.m3u8,155448174,False
https://wibes-02.wbbasket.ru/e8325ef4-feef-11ef-a657-3293f04166eb/32343634383537-wibe-video-851/index.m3u8,7531395,False
https://wibes-01.wbbasket.ru/7fecf463-f041-11ef-a4e8-16b3f54443df/323838323530-wibe-video-1920/index.m3u8,248722519,False
https://wibes-07.wbbasket.ru/c6af4662-e872-11ef-b931-26300c3e8314/35343338353936-wibe-video-1080/index.m3u8,276250826,False
https://wibes-04.wbbasket.ru/3b8d6d01-000e-11f0-b8d3-da8c4fc386ab/35353030393734-wibe-video-464/index.m3u8,266733656,False
https://wibes-02.wbbasket.ru/a98965dc-03f7-11f0-abbf-dad751a51a6d/35353438343230-wibe-video-900/index.m3u8,259488160,False
https://wibes-02.wbbasket.ru/01112c22-01d4-11f0-ae01-8efdd448a88b/35353238393836-wibe-video-1920/index.m3u8,231258463,False
https://wibes-04.wbbasket.ru/db76a314-004c-11f0-a2e3-7245b0c14aa5/35343937373134-wibe-video-852/index.m3u8,185776859,True
https://wibes-07.wbbasket.ru/01a78df2-1296-46a2-b7e6-4ef4d868ed86/31393439373233-wibe-video-1080/index.m3u8,149751876,False
https://wibes-01.wbbasket.ru/03a80c32-00ff-11f0-b2dc-e6f9bc73476a/35353634373035-wibe-video-480/index.m3u8,114357801,True
https://wibes-02.wbbasket.ru/f880cb62-0052-11f0-a864-6a02630a6ea0/35353538333033-wibe-video-853/index.m3u8,270942301,False
https://wibes-03.wbbasket.ru/0714dcff-f44b-11ef-9e9c-ceba80c61639/35343837373530-wibe-video-853/index.m3u8,273538633,False
https://wibes-05.wbbasket.ru/cb0a266d-04ca-11f0-8f74-3a528d38b3fc/35363439373335-wibe-video-849/index.m3u8,259616025,False
https://wibes-07.wbbasket.ru/1b50ee19-ff2f-11ef-bccb-368a70a12aad/35353233373336-wibe-video-852/index.m3u8,58236125,False
https://wibes-02.wbbasket.ru/7c640e6e-00cd-11f0-a2fe-3a0fb8d245f2/35353530303831-wibe-video-1080/index.m3u8,272510021,False
https://wibes-01.wbbasket.ru/a69a29cf-feb5-11ef-ac23-82ec25879788/35353032373936-wibe-video-996/index.m3u8,229418457,False
https://wibes-02.wbbasket.ru/a64389e1-055a-11f0-8ec5-16c11ed06b9b/35353133383436-wibe-video-1280/index.m3u8,255438253,True
https://wibes-05.wbbasket.ru/f940c8f5-00d3-11f0-bac2-42ec6feec015/35353635333137-wibe-video-852/index.m3u8,228983757,False
https://wibes-02.wbbasket.ru/2b7298a8-030a-11f0-a075-12c7ba916876/32383030333531-wibe-video-1080/index.m3u8,109814239,False
https://wibes-02.wbbasket.ru/3e785d16-ff53-11ef-a58a-0ab073837fcd/32353932393737-wibe-video-852/index.m3u8,50457376,False
https://wibes-04.wbbasket.ru/712205e8-ff2f-11ef-a9f0-8a56acf36019/35353134333434-wibe-video-1080/index.m3u8,215902282,False
https://wibes-04.wbbasket.ru/3f1cd23f-02ec-11f0-a0b0-2abdad8e3086/35353434333633-wibe-video-1080/index.m3u8,125364554,False
https://wibes-05.wbbasket.ru/eb535f5c-e85c-11ef-a166-42642241771f/3535363733-wibe-video-1080/index.m3u8,172927910,False
https://wibes-06.wbbasket.ru/72de4c8c-ff78-11ef-8659-d61ee33cfd39/35343937343430-wibe-video-1920/index.m3u8,198476656,False
https://wibes-02.wbbasket.ru/c6f8ffb4-009f-11f0-8354-cebccf2f1c14/35353330323530-wibe-video-1080/index.m3u8,229801651,True
https://wibes-03.wbbasket.ru/6967d16e-fe9f-11ef-a210-067470d58a20/32303739353739-wibe-video-854/index.m3u8,279354851,False
https://wibes-04.wbbasket.ru/f6337568-01bd-11f0-9761-0a6d6330f426/35353531363134-wibe-video-720/index.m3u8,246423342,False
https://wibes-02.wbbasket.ru/6ec5ce8d-fe9f-11ef-a58a-0ab073837fcd/32303739353739-wibe-video-853/index.m3u8,114154701,False
https://wibes-06.wbbasket.ru/104612a6-ff1c-11ef-9fe5-de40f0574c86/33313331323034-wibe-video-853/index.m3u8,164878821,True
https://wibes-03.wbbasket.ru/08a27f4d-011e-11f0-95b3-e66d69658f53/32363230303331-wibe-video-1125/index.m3u8,185350410,False
https://wibes-07.wbbasket.ru/bf54096f-01a4-11f0-b2dc-e6f9bc73476a/35353233353932-wibe-video-720/index.m3u8,84042686,False
https://wibes-01.wbbasket.ru/dcc6d02c-00bf-11f0-bac2-42ec6feec015/35353633363335-wibe-video-853/index.m3u8,310242815,False
https://wibes-03.wbbasket.ru/d465137e-0579-11f0-ae46-1e8ca3d2c6d1/35353532383134-wibe-video-853/index.m3u8,154418973,False
https://wibes-01.wbbasket.ru/2ad07706-e814-11ef-8520-b663b05cd8b7/35343836313932-wibe-video-1080/index.m3u8,181912114,True
https://wibes-04.wbbasket.ru/7216f259-0017-11f0-b72d-c2aa42eaa7ab/35343832323630-wibe-video-1080/index.m3u8,276747222,False
https://wibes-03.wbbasket.ru/4d74d56a-ff3f-11ef-90fb-d61583dd8047/333630353338-wibe-video-720/index.m3u8,267930989,False
https://wibes-05.wbbasket.ru/582798c1-fed0-11ef-90a5-b6b8daf29a7e/35353030343136-wibe-video-852/index.m3u8,197331243,False
https://wibes-03.wbbasket.ru/881b987c-fffe-11ef-ab9f-9eebb3df44a1/35353438313331-wibe-video-1280/index.m3u8,15993560,False
https://wibes-03.wbbasket.ru/3b70082a-ff40-11ef-83a6-aab335309b39/35353332313730-wibe-video-1080/index.m3u8,186675162,False
https://wibes-02.wbbasket.ru/30b880f4-04b5-11f0-92b2-b27f46e93404/35363130313433-wibe-video-1080/index.m3u8,255217675,False
https://wibes-06.wbbasket.ru/cd25fa27-ff3d-11ef-8659-d61ee33cfd39/35353238363839-wibe-video-853/index.m3u8,255991517,False
https://wibes-05.wbbasket.ru/3d059b66-00c1-11f0-bc2b-3ee7f4681a04/35343932313934-wibe-video-720/index.m3u8,307635218,False
https://wibes-05.wbbasket.ru/477b7674-fe92-11ef-a5eb-5678fc04c826/35333434333930-wibe-video-720/index.m3u8,200597659,False
https://wibes-03.wbbasket.ru/648f43a1-0684-11f0-9a56-aebb5d838b7f/35353633343935-wibe-video-720/index.m3u8,311485933,True
https://wibes-04.wbbasket.ru/cf6c6149-cc88-43a8-bad9-1ce6dac8c8e1/4043436-wbkids_articles_editor-video-1080/index.m3u8,145015792,False
https://wibes-06.wbbasket.ru/2ba0d9bf-fe63-11ef-9e9a-7e0f9967c4af/35343839353034-wibe-video-853/index.m3u8,75044127,False
https://wibes-07.wbbasket.ru/939cc578-ff44-11ef-88ed-460e0eec9d31/393031343634-wibe-video-1280/index.m3u8,315362959,False
https://wibes-03.wbbasket.ru/b1ec7c0f-025f-11f0-aff0-ca914550bbaa/35353636383638-wibe-video-853/index.m3u8,340893648,False
https://wibes-02.wbbasket.ru/dda56124-ff72-11ef-90a5-b6b8daf29a7e/35343935373733-wibe-video-1920/index.m3u8,181912114,False
https://wibes-04.wbbasket.ru/f520fd53-ff59-11ef-ab9f-9eebb3df44a1/31323236363536-wibe-video-720/index.m3u8,103313129,False
https://wibes-03.wbbasket.ru/b9cd45d2-004d-11f0-9ab9-baf592d33b03/35343934363234-wibe-video-1080/index.m3u8,193701970,False
https://wibes-07.wbbasket.ru/404a8d9a-f4f8-11ef-b4d9-26448cede624/35343837383232-wibe-video-720/index.m3u8,151125469,False
https://wibes-02.wbbasket.ru/dde200ae-01da-11f0-9c53-b29a98419bd7/35353835393039-wibe-video-1920/index.m3u8,269034911,False
https://wibes-01.wbbasket.ru/9a3e6085-00b6-11f0-9e47-12f658682b4b/35353632373838-wibe-video-360/index.m3u8,194420090,True
https://wibes-02.wbbasket.ru/aa096588-ff5d-11ef-a247-a2aa8d0d2382/35353337313939-wibe-video-1080/index.m3u8,219037906,False
https://wibes-02.wbbasket.ru/785d22dd-0273-11f0-a8c8-7e81c276a251/35353539393337-wibe-video-720/index.m3u8,252533612,True
https://wibes-05.wbbasket.ru/2d4a07f4-ff4e-11ef-a58a-0ab073837fcd/35343939303935-wibe-video-852/index.m3u8,143405877,False
https://wibes-05.wbbasket.ru/1fd3d9f2-feb7-11ef-8ed5-6623aa30fda9/35353134353834-wibe-video-960/index.m3u8,15134456,True
https://wibes-01.wbbasket.ru/a2368fd3-ffcd-11ef-a966-0eb4068f728a/35343838393234-wibe-video-852/index.m3u8,273019136,True
https://wibes-03.wbbasket.ru/b5c48830-0109-11f0-ae01-8efdd448a88b/35353639373439-wibe-video-853/index.m3u8,323098172,True
https://wibes-05.wbbasket.ru/3d95629d-0596-11f0-b3f7-92c61b351291/35353030393936-wibe-video-1080/index.m3u8,262614996,False
https://wibes-03.wbbasket.ru/fe61fddf-0273-11f0-8818-3ac28e8805f4/31303538303839-wibe-video-1080/index.m3u8,179003260,False
https://wibes-02.wbbasket.ru/3f88e0b2-ca76-42f8-bc78-8ddf9514b81f/675282-wbkids_articles_editor-video-1080/index.m3u8,270054262,False
https://wibes-04.wbbasket.ru/374bf168-ff26-11ef-877c-564bac811afe/31313339363037-wibe-video-888/index.m3u8,259339590,False
https://wibes-07.wbbasket.ru/979f5bcb-0637-11f0-9d4b-6e3e4dab5270/35353335383138-wibe-video-1080/index.m3u8,341625449,True
https://wibes-03.wbbasket.ru/72a0fae7-04ca-11f0-b481-7e10cdda48b0/35363439373335-wibe-video-853/index.m3u8,274464409,False
https://wibes-04.wbbasket.ru/5847f8fb-0495-11f0-9763-56d261be8c37/35363435343835-wibe-video-853/index.m3u8,221908151,True
https://wibes-06.wbbasket.ru/b1c84be5-ff33-11ef-a9f0-8a56acf36019/35343839363239-wibe-video-1080/index.m3u8,102996517,False
https://wibes-07.wbbasket.ru/fec0569b-03fd-11f0-b2e0-eaeef2fbbc6f/35363336393638-wibe-video-853/index.m3u8,216222929,False
https://wibes-01.wbbasket.ru/73653fe1-ff62-11ef-af61-d26bd23330e5/35353233343931-wibe-video-853/index.m3u8,241921827,False
https://wibes-06.wbbasket.ru/6ebdbf1a-ff1f-11ef-a5e8-6ea5f0389a30/35353232313631-wibe-video-851/index.m3u8,319569884,False
https://wibes-01.wbbasket.ru/5e1fc575-04a6-11f0-9432-e6e37493b38e/35363436373535-wibe-video-853/index.m3u8,231403859,True
https://wibes-03.wbbasket.ru/2e20db1b-f300-11ef-aedb-9690deb172d6/11166-wbkids_articles_editor-video-0/index.m3u8,340979441,False
https://wibes-07.wbbasket.ru/a65bc86b-ffd9-11ef-a0ae-eea6100abea2/35343939393836-wibe-video-1920/index.m3u8,192810114,False
https://wibes-03.wbbasket.ru/65206736-017a-11f0-b9b6-8a5e224329ea/35353736363833-wibe-video-1920/index.m3u8,151489602,False
https://wibes-05.wbbasket.ru/eae2f3c1-2b5a-45cc-80f2-aa3594228015/guide-video-1080/index.m3u8,257146705,False
https://wibes-05.wbbasket.ru/3ce6636b-0309-11f0-9c53-b29a98419bd7/323136373736-wibe-video-1920/index.m3u8,247750798,False
https://wibes-03.wbbasket.ru/ac80ce66-01c7-11f0-bce3-226765349b69/35353833363733-wibe-video-1080/index.m3u8,320217181,False
https://wibes-07.wbbasket.ru/fe9cb4ad-0286-11f0-be79-3ee64ad50c1f/35363030363731-wibe-video-1080/index.m3u8,229132105,False
https://wibes-07.wbbasket.ru/0ba9b312-0021-11f0-9338-d6cab4772646/35353534353838-wibe-video-853/index.m3u8,317255274,True
https://wibes-07.wbbasket.ru/d8557ef3-eec7-11ef-8996-4686374b8f59/35343837323531-wibe-video-1080/index.m3u8,224797160,False
https://wibes-05.wbbasket.ru/ee593a12-ff22-11ef-a58a-0ab073837fcd/31333632333937-wibe-video-851/index.m3u8,119898743,False
https://wibes-01.wbbasket.ru/c5614173-ef06-11ef-9eb6-1a612c658998/35343837373535-wibe-video-1080/index.m3u8,317258412,False
https://wibes-02.wbbasket.ru/22d21245-061c-11f0-93f3-fa299d86f884/35363537393039-wibe-video-720/index.m3u8,268583366,False
https://wibes-01.wbbasket.ru/46561a58-000a-11f0-b7ca-4212597cec20/33353336383735-wibe-video-1080/index.m3u8,308401247,False
https://wibes-07.wbbasket.ru/a721227d-00d1-11f0-8d6d-3a16df018291/35353233353137-wibe-video-1080/index.m3u8,185854555,False
https://wibes-06.wbbasket.ru/3667e60f-0371-11f0-a4fa-1a5b6facf67c/35353239393435-wibe-video-784/index.m3u8,253845003,True
https://wibes-06.wbbasket.ru/fdb0b4af-01bd-11f0-8818-3ac28e8805f4/32363132373130-wibe-video-720/index.m3u8,262586189,True
https://wibes-05.wbbasket.ru/e1682e62-0153-11f0-b9b6-8a5e224329ea/35353734323539-wibe-video-853/index.m3u8,103606600,False
https://wibes-07.wbbasket.ru/78d54a40-e3c5-11ef-ae49-3a34feadda1d/33303837363938-wibe-video-1080/index.m3u8,133168581,False
https://wibes-03.wbbasket.ru/4fa30ab6-016a-11f0-b456-126862b3e2ab/35353335393934-wibe-video-853/index.m3u8,158430348,False
https://wibes-01.wbbasket.ru/be40df02-00b0-11f0-9799-3e385ffa6709/35353437343131-wibe-video-850/index.m3u8,211335801,False
https://wibes-03.wbbasket.ru/68909de2-0108-11f0-9c6c-4e03c830c877/35353731333436-wibe-video-853/index.m3u8,177865653,False
https://wibes-07.wbbasket.ru/34231d6b-0287-11f0-baf7-f2328f2ab79f/35353738373232-wibe-video-1080/index.m3u8,364776657,False
https://wibes-07.wbbasket.ru/e05c3220-ea0c-11ef-b92a-8a2b2a24583e/35343837323630-wibe-video-1080/index.m3u8,159519759,False
https://wibes-02.wbbasket.ru/e1c466f0-f216-4d09-b47a-a7c96e4fd753/guru-video-1080/index.m3u8,168034680,False
https://wibes-06.wbbasket.ru/0645d845-00d8-11f0-a1ac-5a84a2951e34/393631383332-wibe-video-700/index.m3u8,268776304,False
https://wibes-05.wbbasket.ru/19cf4100-fe76-11ef-b108-a61197f53d0e/32343638383937-wibe-video-1080/index.m3u8,42204585,False
https://wibes-07.wbbasket.ru/7eeaf385-ff47-11ef-90da-fa0e609547dc/35353231383537-wibe-video-853/index.m3u8,185840902,True
https://wibes-07.wbbasket.ru/757883fb-01d9-11f0-aebf-ba21f2c471e9/35353834383734-wibe-video-853/index.m3u8,251205784,False
https://wibes-01.wbbasket.ru/1480b7bc-0281-11f0-b5a3-92fbfe657c28/35353131373633-wibe-video-1080/index.m3u8,241521242,False
https://wibes-05.wbbasket.ru/f151ca85-ff33-11ef-b8ed-ce569a6e1320/35353239393733-wibe-video-576/index.m3u8,53257067,True
https://wibes-05.wbbasket.ru/af677b32-fe5f-11ef-bb73-92fc9e83d22c/35343839393533-wibe-video-720/index.m3u8,335101177,True
https://wibes-04.wbbasket.ru/ff5060f2-035c-11f0-8670-fa81a33bb5fe/363836373837-wibe-video-1078/index.m3u8,340616946,False
https://wibes-06.wbbasket.ru/5451102c-fefd-11ef-9fc1-d2088eaacbcc/31393037303237-wibe-video-720/index.m3u8,108673455,False
https://wibes-01.wbbasket.ru/dfd4f909-ff27-11ef-ae4f-ea6448feaa56/35343939383436-wibe-video-1125/index.m3u8,222172338,False
https://wibes-01.wbbasket.ru/f08acd4e-0020-11f0-a13b-a6d6cd3017f2/35353534353838-wibe-video-853/index.m3u8,222665809,False
https://wibes-03.wbbasket.ru/69bf0b20-00b6-11f0-b0e8-d2a38067b662/35353632373638-wibe-video-852/index.m3u8,261828801,False
https://wibes-03.wbbasket.ru/578957e5-ff27-11ef-9a0a-067b3aeb8003/35353039363034-wibe-video-720/index.m3u8,213944206,False
https://wibes-05.wbbasket.ru/2ce1a062-0660-11f0-9d75-ea9c6c8c6989/35363638383333-wibe-video-720/index.m3u8,215774441,False
https://wibes-01.wbbasket.ru/5538d509-00c8-11f0-b43c-4a1f25563932/35353433383531-wibe-video-720/index.m3u8,113530867,False
https://wibes-05.wbbasket.ru/7c4386ec-0314-11f0-ae01-8efdd448a88b/34373037303533-wibe-video-853/index.m3u8,51428980,False
https://wibes-02.wbbasket.ru/d265d071-0002-11f0-a0ae-eea6100abea2/35353531303139-wibe-video-853/index.m3u8,120980748,True
https://wibes-05.wbbasket.ru/ee593a12-ff22-11ef-a58a-0ab073837fcd/31333632333937-wibe-video-851/index.m3u8,223636322,False
https://wibes-02.wbbasket.ru/852a5d84-03e6-11f0-84ef-b2ac700d584a/35363334303630-wibe-video-853/index.m3u8,329087445,False
https://wibes-05.wbbasket.ru/178ecc0e-041d-11f0-98a7-e28930524065/35353035313033-wibe-video-853/index.m3u8,316191922,False
https://wibes-07.wbbasket.ru/19313c7c-00b4-11f0-8f17-52490439c9ed/35353632343832-wibe-video-853/index.m3u8,233994131,True
https://wibes-01.wbbasket.ru/28326a92-00bd-11f0-8fc5-ca86a8d681a5/35353632363830-wibe-video-853/index.m3u8,200460765,False
https://wibes-03.wbbasket.ru/bab5450b-2fd9-43d6-bda6-fc4115651960/3982297-wbkids_articles_editor-video-1080/index.m3u8,91513190,False
https://wibes-06.wbbasket.ru/65675dbb-fe84-11ef-ac15-c68406035fd8/34393038383633-wibe-video-1080/index.m3u8,169504500,False
https://wibes-01.wbbasket.ru/9e85cadd-fe95-11ef-a888-42881e4d1fc2/35353034393733-wibe-video-720/index.m3u8,241446206,False
https://wibes-04.wbbasket.ru/defe9175-026b-41ee-ac4c-d672c3acd82c/guru-video-1080/index.m3u8,17088201,False
https://wibes-06.wbbasket.ru/fbc4b33f-2d55-4113-97fb-b42a3298f603/40862-wbkids_articles_editor-video-1080/index.m3u8,12253178,False
https://wibes-07.wbbasket.ru/4ffab392-e8e6-4e43-baa3-cd32e3329382/11166-wbkids_articles_editor-video-1080/index.m3u8,262299372,False
https://wibes-02.wbbasket.ru/aacbfd2c-f4ea-11ef-958f-c2b4a5ad0ef8/35343838323531-wibe-video-1920/index.m3u8,197273595,False
https://wibes-04.wbbasket.ru/930e35b0-fed5-11ef-9589-4698dab8ed0e/35343939383237-wibe-video-853/index.m3u8,84878803,False
https://wibes-01.wbbasket.ru/3dceef11-ff2c-11ef-a657-3293f04166eb/32353830363032-wibe-video-853/index.m3u8,211673397,False
https://wibes-06.wbbasket.ru/6f5cbc0f-fe72-11ef-9b57-2abd2128b98d/35343934373732-wibe-video-1080/index.m3u8,223575738,False
https://wibes-05.wbbasket.ru/93fd5659-024c-11f0-b5a3-92fbfe657c28/35353737303436-wibe-video-720/index.m3u8,162948589,False
https://wibes-07.wbbasket.ru/497c44f3-3012-4b7a-8fa3-ca4d2f22eb5a/guru-video-1080/index.m3u8,90199100,False
https://wibes-03.wbbasket.ru/49e6a267-ef0d-440d-a204-9066f2100d2b/887189-wbkids_articles_editor-video-1080/index.m3u8,182961030,False
https://wibes-03.wbbasket.ru/5abbbb5b-0313-11f0-9763-56d261be8c37/35363038333538-wibe-video-853/index.m3u8,247239058,False
https://wibes-07.wbbasket.ru/480ec2a4-ff50-11ef-8fbe-1afe525bc100/35353231323131-wibe-video-1080/index.m3u8,303272317,False
https://wibes-05.wbbasket.ru/c4591744-00ef-11f0-940b-3679910569f5/35353637353939-wibe-video-1080/index.m3u8,306260326,True
https://wibes-07.wbbasket.ru/5afbb42c-fe69-11ef-a01d-7eac0dab1d01/31373137333338-wibe-video-1080/index.m3u8,248722519,False
https://wibes-06.wbbasket.ru/f82e7c5d-05b8-11f0-9813-e21e7cdf2334/35353236323534-wibe-video-1920/index.m3u8,218919441,False
https://wibes-07.wbbasket.ru/d3e9a4b1-0095-11f0-b810-a2d40a032259/32373835303630-wibe-video-851/index.m3u8,214793421,False
https://wibes-05.wbbasket.ru/07eb6fd1-ff70-11ef-bf8c-f6831abd659c/35353430303732-wibe-video-1078/index.m3u8,231135425,False
https://wibes-02.wbbasket.ru/b5c76869-fe7d-11ef-8317-2a2c61b5fa50/31363632323938-wibe-video-1078/index.m3u8,328949641,False
https://wibes-07.wbbasket.ru/1bc6052f-ff42-11ef-83a6-aab335309b39/35343834363238-wibe-video-768/index.m3u8,225287157,False
https://wibes-06.wbbasket.ru/2014705e-ffcd-11ef-bcd4-e66cedd9fa64/32353039313836-wibe-video-1920/index.m3u8,78813929,False
https://wibes-06.wbbasket.ru/92e690d9-01a0-11f0-aff0-ca914550bbaa/35353032373831-wibe-video-1920/index.m3u8,273915923,False
https://wibes-04.wbbasket.ru/458a0912-0495-11f0-b60f-6ac77fd80f6a/35363435343835-wibe-video-853/index.m3u8,264427689,False
https://wibes-06.wbbasket.ru/c2130dbe-ff7b-11ef-9a20-1e9a5227c82f/32353039313836-wibe-video-1920/index.m3u8,86929076,False
https://wibes-05.wbbasket.ru/7d2f97eb-0285-11f0-bb02-127fbd0d123c/35353431343635-wibe-video-1440/index.m3u8,233995130,True
https://wibes-03.wbbasket.ru/e9ebf8e0-0038-11f0-b192-26b101910b45/35353537313832-wibe-video-720/index.m3u8,208988531,False
https://wibes-05.wbbasket.ru/5efc2db4-ff15-11ef-ba08-f6495d55d753/35343939383436-wibe-video-1125/index.m3u8,232632344,False
https://wibes-02.wbbasket.ru/088acaa1-030f-11f0-98a7-e28930524065/35363035353833-wibe-video-1920/index.m3u8,41438423,False
https://wibes-04.wbbasket.ru/ca326c14-f370-11ef-9474-9250917fd419/35343837373535-wibe-video-853/index.m3u8,236531667,False
https://wibes-06.wbbasket.ru/ca62c5cc-fe78-11ef-bd0c-465e2c884f91/35343938373835-wibe-video-1080/index.m3u8,154887597,True
https://wibes-07.wbbasket.ru/185c1f4d-01da-11f0-a075-12c7ba916876/35353731313838-wibe-video-1080/index.m3u8,211094119,False
https://wibes-05.wbbasket.ru/620a5b48-fe7b-11ef-bc7b-76f387de9c2e/35343936393736-wibe-video-720/index.m3u8,306614730,True
https://wibes-01.wbbasket.ru/0877d1fe-fe73-11ef-9888-ea3daec301f5/35343934393331-wibe-video-1080/index.m3u8,259823083,False
https://wibes-04.wbbasket.ru/ad17ae52-0412-11f0-9cdd-42bb517bc78d/35353531383139-wibe-video-720/index.m3u8,206588451,False
https://wibes-06.wbbasket.ru/b3c6e92b-019d-11f0-a052-baa1040d8251/35353739343137-wibe-video-1080/index.m3u8,289501332,True
https://wibes-03.wbbasket.ru/a11b3053-0493-11f0-aa3a-5e8a0edf96e6/31373939383939-wibe-video-720/index.m3u8,233088050,False
https://wibes-04.wbbasket.ru/d8daeb04-ff10-11ef-96d5-a6bb3743b5f2/35343833363039-wibe-video-853/index.m3u8,36536014,False
https://wibes-07.wbbasket.ru/5b657624-02a1-11f0-836a-be4ac8100c38/323232363638-wibe-video-720/index.m3u8,236382219,False
https://wibes-04.wbbasket.ru/34523f17-0041-11f0-8059-92661cff1566/35353537313330-wibe-video-853/index.m3u8,200670693,False
https://wibes-01.wbbasket.ru/be4019ae-f15d-11ef-a6f6-6e7247463716/35343837343331-wibe-video-1080/index.m3u8,255402804,False
https://wibes-04.wbbasket.ru/889fc14f-00a2-11f0-91db-de6942d6d369/35353032343035-wibe-video-720/index.m3u8,212449905,False
https://wibes-06.wbbasket.ru/574db478-008b-11f0-b348-2a871039f555/353539313234-wibe-video-853/index.m3u8,29252985,True
https://wibes-04.wbbasket.ru/34cf902f-0017-11f0-8bc5-5af668b53dca/35353533373236-wibe-video-1080/index.m3u8,273538633,False
https://wibes-04.wbbasket.ru/b915cbe9-74a5-41a0-a086-751dcf152ea2/99112-wbkids_articles_editor-video-1080/index.m3u8,179346872,False
https://wibes-06.wbbasket.ru/76bc57ce-01d6-11f0-9d71-72872100160c/35353830353239-wibe-video-720/index.m3u8,312834313,False
https://wibes-06.wbbasket.ru/0f4606cb-ff0a-11ef-adf6-8a8bdf89fe38/35353038323032-wibe-video-1080/index.m3u8,181912114,False
https://wibes-01.wbbasket.ru/931514df-f416-11ef-aa6c-7234ea8c5c60/32323836373332-wibe-video-1280/index.m3u8,251281901,True
https://wibes-05.wbbasket.ru/39d3f685-ff3d-11ef-a5e8-6ea5f0389a30/393239393734-wibe-video-853/index.m3u8,322928537,True
https://wibes-05.wbbasket.ru/c260515b-ff54-11ef-90a5-b6b8daf29a7e/35353336313535-wibe-video-853/index.m3u8,235012985,False
https://wibes-01.wbbasket.ru/265cb214-3c61-4f38-8e8b-ca013cab3c34/34383835353234-guru-video-1080/index.m3u8,135760134,False
https://wibes-05.wbbasket.ru/12f7d0d8-01ea-11f0-98a7-e28930524065/35353536313937-wibe-video-1280/index.m3u8,203002898,False
https://wibes-07.wbbasket.ru/315397ee-ffe0-11ef-a65e-4a717e9baf2a/35343838303734-wibe-video-1080/index.m3u8,241924999,False
https://wibes-02.wbbasket.ru/c265b23b-ff1d-11ef-88ed-460e0eec9d31/35353234353237-wibe-video-853/index.m3u8,148825454,True
https://wibes-07.wbbasket.ru/aa6e1327-03f3-11f0-af84-56b007c8e372/35353935393639-wibe-video-1080/index.m3u8,157375945,True
https://wibes-06.wbbasket.ru/52fda1b5-00b6-11f0-a2e3-7245b0c14aa5/35353632343832-wibe-video-853/index.m3u8,301303000,False
https://wibes-03.wbbasket.ru/7e8aeda7-fec2-11ef-948c-dabb9d1685d8/35343936303139-wibe-video-1920/index.m3u8,251382091,False
https://wibes-03.wbbasket.ru/e4077feb-0019-11f0-a432-d6cc87002afd/35353532333130-wibe-video-853/index.m3u8,285579308,False
https://wibes-04.wbbasket.ru/f6988fa0-fe6f-11ef-8c02-7648e908b794/32343338393130-wibe-video-1080/index.m3u8,240773244,False
https://wibes-01.wbbasket.ru/1bb2207d-027f-11f0-aff0-ca914550bbaa/35363030303632-wibe-video-852/index.m3u8,174236491,False
https://wibes-07.wbbasket.ru/e235fae1-ffd7-11ef-8da5-ea7357ded824/35353435393831-wibe-video-720/index.m3u8,145866532,False
https://wibes-02.wbbasket.ru/d56e3f7a-fef4-11ef-ae6c-ae9ceb06c459/35353138343131-wibe-video-853/index.m3u8,210538176,False
https://wibes-05.wbbasket.ru/b07d5917-7c0a-47b5-97fd-bbd227c1e6e5/313134373835-guru-video-1080/index.m3u8,325827301,True
https://wibes-03.wbbasket.ru/ff9768fb-0637-11f0-925e-b2292f967f6d/supplier-4258975-wibe-video-720/index.m3u8,296105492,True
https://wibes-01.wbbasket.ru/2d6ce327-97cc-4deb-a7f3-50e9d8fcebb8/33333830363436-guru-video-1080/index.m3u8,215420541,False
https://wibes-03.wbbasket.ru/881b987c-fffe-11ef-ab9f-9eebb3df44a1/35353438313331-wibe-video-1280/index.m3u8,204194452,False
https://wibes-05.wbbasket.ru/77f48c41-ff1a-11ef-b08c-aa589c82e313/343533383438-wibe-video-1920/index.m3u8,266186172,False
https://wibes-01.wbbasket.ru/a6bcc9ab-0104-11f0-9763-56d261be8c37/31323033303030-wibe-video-853/index.m3u8,266675247,False
https://wibes-01.wbbasket.ru/01341fe4-ff2a-11ef-84c2-f2b3557f85cf/32303937373336-wibe-video-1080/index.m3u8,241331843,False
https://wibes-04.wbbasket.ru/d4e745e3-ff30-11ef-b3fb-8a1ccbad7fb6/35353237303937-wibe-video-720/index.m3u8,179750810,True
https://wibes-07.wbbasket.ru/fd850e5a-0310-11f0-8555-463cc2efcfa0/32303932303632-wibe-video-1080/index.m3u8,234374028,True
https://wibes-03.wbbasket.ru/ac17aa2c-0426-11f0-950a-9e327044f987/35343832353130-wibe-video-720/index.m3u8,228919008,False
https://wibes-03.wbbasket.ru/2a390497-dfcc-11ef-a432-a6c222d7faaa/34393031363039-wibe-video-1080/index.m3u8,232579056,False
https://wibes-06.wbbasket.ru/92b3b3a9-0243-11f0-bb15-baa94e9cdf9c/32363235383936-wibe-video-843/index.m3u8,221519598,False
https://wibes-01.wbbasket.ru/32afa08f-ff22-11ef-b6dc-1a6f171b79c6/35353235363537-wibe-video-1920/index.m3u8,223861019,False
https://wibes-04.wbbasket.ru/f3842b82-ff21-11ef-9a0a-067b3aeb8003/33373930313038-wibe-video-720/index.m3u8,96139535,False
https://wibes-07.wbbasket.ru/e175c42e-0249-11f0-aff0-ca914550bbaa/35353934373433-wibe-video-852/index.m3u8,328528826,False
https://wibes-02.wbbasket.ru/b859bcea-0198-11f0-ae01-8efdd448a88b/35353334383931-wibe-video-1920/index.m3u8,159405674,True
https://wibes-07.wbbasket.ru/d41164d2-012b-11f0-aebf-ba21f2c471e9/32323735313232-wibe-video-1920/index.m3u8,267009478,False
https://wibes-07.wbbasket.ru/82412e83-51b6-4cbe-860d-67f642ef38aa/43853-wbkids_articles_editor-video-1080/index.m3u8,240299383,True
https://wibes-06.wbbasket.ru/88237df9-0009-11f0-8fc9-ae9c0a5e4e1a/35353236383836-wibe-video-1080/index.m3u8,307685603,False
https://wibes-07.wbbasket.ru/401300fc-fec2-11ef-995c-d2f1ff43a67a/35353030393634-wibe-video-853/index.m3u8,141907602,True
https://wibes-02.wbbasket.ru/6d946d5e-0016-11f0-b7fe-f6895e36664a/32333838343738-wibe-video-1080/index.m3u8,197273595,False
https://wibes-06.wbbasket.ru/5451102c-fefd-11ef-9fc1-d2088eaacbcc/31393037303237-wibe-video-720/index.m3u8,111631468,False
https://wibes-07.wbbasket.ru/8906d1c5-017c-11f0-908d-5e1bc4da39d8/343530383038-wibe-video-1920/index.m3u8,110069731,False
https://wibes-03.wbbasket.ru/8b6d1f3a-f08d-11ef-8e26-aac4d7d27c40/35343837373836-wibe-video-1920/index.m3u8,192417035,False
https://wibes-01.wbbasket.ru/9519a531-fec2-11ef-b6dc-1a6f171b79c6/35353030373438-wibe-video-853/index.m3u8,348628637,False
https://wibes-04.wbbasket.ru/ba8233f7-0406-11f0-a068-764e99ea2fc7/31323533303037-wibe-video-1500/index.m3u8,253156671,False
https://wibes-01.wbbasket.ru/d1c7ffbf-ff48-11ef-88ed-460e0eec9d31/32353039313836-wibe-video-853/index.m3u8,323008260,False
https://wibes-05.wbbasket.ru/c1c31e2f-fe8e-11ef-a4d7-a2a58a89f0a8/323539323032-wibe-video-1080/index.m3u8,194822695,False
https://wibes-05.wbbasket.ru/aa903419-f473-11ef-b661-e6e87319c2e3/343739383839-wibe-video-854/index.m3u8,249493758,False
https://wibes-02.wbbasket.ru/627708d0-ff2a-11ef-b2a8-3627880473cc/35343939373937-wibe-video-1080/index.m3u8,215952681,True
https://wibes-04.wbbasket.ru/f18c7ec3-6359-426a-96bb-6c8dd1ec77a6/guru-video-1080/index.m3u8,15331657,True
https://wibes-06.wbbasket.ru/405a2496-001e-11f0-a13b-a6d6cd3017f2/35353436373838-wibe-video-853/index.m3u8,250645112,True
https://wibes-03.wbbasket.ru/4f7bf259-0640-11f0-a98c-5610f472a582/supplier-3971055-wibe-video-720/index.m3u8,342125043,False
https://wibes-03.wbbasket.ru/a1bc25c2-edcb-11ef-80e6-cef90c3fa9c0/333133363632-wibe-video-1080/index.m3u8,208330188,False
https://wibes-03.wbbasket.ru/f311cec3-019e-11f0-b50f-1e3d095f9d61/35353032373831-wibe-video-1920/index.m3u8,320399685,False
https://wibes-02.wbbasket.ru/594811b6-03e1-11f0-aff0-ca914550bbaa/35363333333132-wibe-video-853/index.m3u8,3411008,False
https://wibes-03.wbbasket.ru/72a0fae7-04ca-11f0-b481-7e10cdda48b0/35363439373335-wibe-video-853/index.m3u8,55568234,False
https://wibes-05.wbbasket.ru/e77e30e8-0020-11f0-b2b5-ba5be5764504/35353534353838-wibe-video-853/index.m3u8,277200316,True
https://wibes-06.wbbasket.ru/b564ed8e-e874-11ef-a166-42642241771f/313234323035-wibe-video-1080/index.m3u8,310461929,False
https://wibes-02.wbbasket.ru/e9f350ac-f820-11ef-9667-42e59608de03/333933313638-wibe-video-720/index.m3u8,14050631,False
https://wibes-05.wbbasket.ru/5d84a9ee-0189-11f0-9a37-36c86be66d90/35353232333532-wibe-video-1080/index.m3u8,219246627,False
https://wibes-02.wbbasket.ru/2678d69f-ff08-11ef-8bfa-aa3c69479342/323333383736-wibe-video-480/index.m3u8,62198302,False
https://wibes-04.wbbasket.ru/d2dd5d6e-f2ac-11ef-a6f6-6e7247463716/35343837333931-wibe-video-720/index.m3u8,178507843,False
https://wibes-04.wbbasket.ru/9fcb559c-03e0-11f0-801f-ce6bd4fa71ac/35353634393331-wibe-video-720/index.m3u8,215697174,False
https://wibes-03.wbbasket.ru/e6a0b537-ff4a-11ef-b6dc-1a6f171b79c6/35353137363736-wibe-video-853/index.m3u8,321869124,True
https://wibes-01.wbbasket.ru/9ba5d22d-011e-11f0-8670-fa81a33bb5fe/32363230303331-wibe-video-1125/index.m3u8,236659350,False
https://wibes-07.wbbasket.ru/6c847d7e-049d-11f0-a244-eee73cccff98/35343935303831-wibe-video-1080/index.m3u8,180458562,False
https://wibes-03.wbbasket.ru/4d7f74be-045b-11f0-b9b6-8a5e224329ea/35363337323437-wibe-video-853/index.m3u8,248770685,False
https://wibes-03.wbbasket.ru/55612235-02f3-11f0-8d72-5ae3600e722e/35363036313338-wibe-video-720/index.m3u8,19371616,False
https://wibes-07.wbbasket.ru/50e91ff5-ea2a-11ef-ad4c-8ee9d7e9a738/323737333730-wibe-video-1080/index.m3u8,232355950,False
https://wibes-03.wbbasket.ru/65206736-017a-11f0-b9b6-8a5e224329ea/35353736363833-wibe-video-1920/index.m3u8,215542562,False
https://wibes-03.wbbasket.ru/40240a2a-a8d2-46d3-9747-f69f77f4492c/guru-video-1080/index.m3u8,231230817,False
https://wibes-01.wbbasket.ru/4b31fd71-06fc-11f0-b744-3ee76507d4a5/35353431353833-wibe-video-720/index.m3u8,156732528,True
https://wibes-02.wbbasket.ru/37193cd0-02f6-11f0-be79-3ee64ad50c1f/35353634373131-wibe-video-1080/index.m3u8,73789164,False
https://wibes-04.wbbasket.ru/a0a4c9f4-02ae-11f0-b60f-6ac77fd80f6a/35353338373937-wibe-video-1920/index.m3u8,275066619,False
https://wibes-05.wbbasket.ru/8911cb99-001e-11f0-9338-d6cab4772646/33303034323535-wibe-video-852/index.m3u8,236362458,False
https://wibes-02.wbbasket.ru/62ccc6c5-df5a-4c6d-83a1-f08a9f116e55/948135-wbkids_articles_editor-video-1080/index.m3u8,161657545,True
https://wibes-06.wbbasket.ru/0e91e2a4-0119-11f0-9457-46c56c96cdb5/35353035373739-wibe-video-1080/index.m3u8,322642938,False
https://wibes-04.wbbasket.ru/fa9f6089-ff1a-11ef-b068-2ecfbc218600/35353231353439-wibe-video-720/index.m3u8,205518598,False
https://wibes-05.wbbasket.ru/1bfda4fa-0044-11f0-b2b5-ba5be5764504/35353537343938-wibe-video-851/index.m3u8,182193397,False
https://wibes-03.wbbasket.ru/769ed34d-0657-11f0-977a-6a380eec0447/373931393632-wibe-video-1080/index.m3u8,175088486,False
https://wibes-05.wbbasket.ru/f151ca85-ff33-11ef-b8ed-ce569a6e1320/35353239393733-wibe-video-576/index.m3u8,251027933,False
https://wibes-01.wbbasket.ru/52fd28d2-0006-11f0-801d-fe78801d0348/35353531363433-wibe-video-720/index.m3u8,328955719,True
https://wibes-05.wbbasket.ru/17366e79-ff2d-11ef-8af2-b61ccf2d77c5/35343631323333-wibe-video-851/index.m3u8,296000476,True
https://wibes-05.wbbasket.ru/e6069855-ff82-11ef-86aa-52c5f41892d0/35343931343137-wibe-video-1080/index.m3u8,231974883,False
https://wibes-07.wbbasket.ru/d41164d2-012b-11f0-aebf-ba21f2c471e9/32323735313232-wibe-video-1920/index.m3u8,355782484,False
https://wibes-05.wbbasket.ru/af677b32-fe5f-11ef-bb73-92fc9e83d22c/35343839393533-wibe-video-720/index.m3u8,65714204,False
https://wibes-01.wbbasket.ru/deeeb562-0002-11f0-a432-d6cc87002afd/35353239343330-wibe-video-853/index.m3u8,308142794,False
https://wibes-01.wbbasket.ru/46561a58-000a-11f0-b7ca-4212597cec20/33353336383735-wibe-video-1080/index.m3u8,248762838,False
https://wibes-01.wbbasket.ru/4bcc01de-f08d-11ef-972a-7e7c311fbebb/35343837373638-wibe-video-1280/index.m3u8,212177634,False
https://wibes-04.wbbasket.ru/37e76579-90a3-4472-883f-38ab93ce3f65/479324-wbkids_articles_editor-video-1080/index.m3u8,280500561,False
https://wibes-01.wbbasket.ru/fa575b5a-004a-11f0-a2e3-7245b0c14aa5/343536343538-wibe-video-852/index.m3u8,307635218,False
https://wibes-06.wbbasket.ru/cf8fc933-0494-11f0-84ef-b2ac700d584a/35363435343835-wibe-video-852/index.m3u8,302382850,False
https://wibes-05.wbbasket.ru/ba647cd6-ff7f-11ef-b565-22482c8907a6/32353039313836-wibe-video-854/index.m3u8,237389176,False
https://wibes-02.wbbasket.ru/62e39e2d-04c6-11f0-a9e4-8a70fba4be85/33323433353831-wibe-video-464/index.m3u8,148345092,False
https://wibes-01.wbbasket.ru/52d14ad8-0011-11f0-b0bc-927aa2142b9c/35353439323532-wibe-video-853/index.m3u8,251075529,True
https://wibes-07.wbbasket.ru/a435f9b4-01d4-11f0-ac94-3a315803f107/35353830353239-wibe-video-720/index.m3u8,247782914,False
https://wibes-01.wbbasket.ru/a1971dd6-0417-11f0-b0c6-a6da69da292b/32343434343635-wibe-video-720/index.m3u8,221711236,False
https://wibes-05.wbbasket.ru/aa914d92-018c-4084-91d6-08a08cc8a587/4145789-wbkids_articles_editor-video-1080/index.m3u8,260627851,False
https://wibes-07.wbbasket.ru/f5690ff0-04c8-11f0-b481-7e10cdda48b0/35363439373335-wibe-video-852/index.m3u8,317540756,False
https://wibes-06.wbbasket.ru/8c668e8d-ff40-11ef-80be-0ea13985011b/35343832313036-wibe-video-1080/index.m3u8,328113817,False
https://wibes-06.wbbasket.ru/7735fd46-ff1e-11ef-b068-2ecfbc218600/33323332313730-wibe-video-1080/index.m3u8,273728432,False
https://wibes-03.wbbasket.ru/4a79ec15-03f6-11f0-9c53-b29a98419bd7/35363335383239-wibe-video-853/index.m3u8,274326810,False
https://wibes-04.wbbasket.ru/ac76582e-f47c-11ef-93b1-1a58cf94d633/343739383839-wibe-video-853/index.m3u8,208396239,True
https://wibes-03.wbbasket.ru/a4595a2b-e14f-11ef-9619-fec19f3cbc92/33303837363938-wibe-video-1080/index.m3u8,176253826,False
https://wibes-05.wbbasket.ru/38caafda-00d4-11f0-ab1a-721c8c93b972/35333637383034-wibe-video-1080/index.m3u8,278926388,True
https://wibes-04.wbbasket.ru/a561383b-c289-4833-8147-1bcb24683b3c/31323931353834-guru-video-1080/index.m3u8,157336860,False
https://wibes-05.wbbasket.ru/38caafda-00d4-11f0-ab1a-721c8c93b972/35333637383034-wibe-video-1080/index.m3u8,271021071,False
https://wibes-06.wbbasket.ru/a4eaaa0a-0197-11f0-9158-a6e9292d8806/34353231373031-wibe-video-1080/index.m3u8,361892146,False
https://wibes-07.wbbasket.ru/0eb63b20-ff22-11ef-9cea-ea5dc5f0a674/393338343537-wibe-video-1080/index.m3u8,177371730,False
https://wibes-05.wbbasket.ru/071de4fb-0031-11f0-b148-da8f057f981f/35353536323835-wibe-video-1920/index.m3u8,311295777,False
https://wibes-03.wbbasket.ru/68909de2-0108-11f0-9c6c-4e03c830c877/35353731333436-wibe-video-853/index.m3u8,344998022,False
https://wibes-04.wbbasket.ru/53d2e5b7-03dc-11f0-908d-5e1bc4da39d8/35363332373838-wibe-video-853/index.m3u8,186927435,False
https://wibes-07.wbbasket.ru/19289e52-feeb-11ef-ae4f-ea6448feaa56/35333630363638-wibe-video-1080/index.m3u8,91513190,False
https://wibes-07.wbbasket.ru/d6c0447c-0020-11f0-a432-d6cc87002afd/35353533373537-wibe-video-853/index.m3u8,175469324,False
https://wibes-04.wbbasket.ru/d662d233-04df-11f0-9da6-ee07d05ff325/35363531343635-wibe-video-1072/index.m3u8,83936019,False
https://wibes-01.wbbasket.ru/f3f8c931-0001-11f0-b348-2a871039f555/363238383931-wibe-video-853/index.m3u8,239892882,False
https://wibes-04.wbbasket.ru/2d6651fb-0000-11f0-8349-f6f72d14a2f8/35353437353836-wibe-video-853/index.m3u8,203989442,True
https://wibes-01.wbbasket.ru/ac0a38db-0126-11f0-b456-126862b3e2ab/35353733323934-wibe-video-852/index.m3u8,148874218,False
https://wibes-06.wbbasket.ru/c95b6740-0352-11f0-836a-be4ac8100c38/33393333393432-wibe-video-960/index.m3u8,292492150,False
https://wibes-02.wbbasket.ru/e9f350ac-f820-11ef-9667-42e59608de03/333933313638-wibe-video-720/index.m3u8,292676137,False
https://wibes-04.wbbasket.ru/f7325df3-0003-11f0-b5e6-aee36934d363/35343932383433-wibe-video-720/index.m3u8,178805408,False
https://wibes-05.wbbasket.ru/b4d2ad07-f809-11ef-958f-c2b4a5ad0ef8/35343837393137-wibe-video-852/index.m3u8,269960855,True
https://wibes-06.wbbasket.ru/cfe2ec8e-dfd5-11ef-9046-f65cc028d6ba/35343836333232-wibe-video-1080/index.m3u8,99986175,False
https://wibes-01.wbbasket.ru/82a25d24-ff4d-11ef-a6ad-625ed44c2124/31303338383330-wibe-video-720/index.m3u8,257489384,False
https://wibes-03.wbbasket.ru/d8f9ed4b-056c-11f0-9396-cee08b04451c/31303739373434-wibe-video-720/index.m3u8,240452545,False
https://wibes-07.wbbasket.ru/6f964675-000a-11f0-a72a-ce06f961be94/35343838363535-wibe-video-480/index.m3u8,111840984,False
https://wibes-03.wbbasket.ru/c85c427f-a7e4-4dd2-93e6-29ae66f735d6/33383938393331-guru-video-1080/index.m3u8,304482179,False
https://wibes-01.wbbasket.ru/f5a10140-f4fa-11ef-ac2d-0611ce665e7b/35343838333331-wibe-video-853/index.m3u8,332227088,False
https://wibes-03.wbbasket.ru/31407afd-ff0b-11ef-bccb-368a70a12aad/31343234363838-wibe-video-1920/index.m3u8,222331320,True
https://wibes-04.wbbasket.ru/66f5572b-ff34-11ef-9d42-923d1b44cc01/35353330313635-wibe-video-852/index.m3u8,85068919,True
https://wibes-07.wbbasket.ru/84e9305d-0186-11f0-8a82-5ee170d8fdaf/35353737363839-wibe-video-480/index.m3u8,336022847,True
https://wibes-06.wbbasket.ru/53f77b4d-0333-11f0-a8c8-7e81c276a251/35353233373336-wibe-video-720/index.m3u8,231097237,True
https://wibes-05.wbbasket.ru/9e3a5e89-0180-11f0-b50f-1e3d095f9d61/35343930373134-wibe-video-1920/index.m3u8,300130525,False
https://wibes-04.wbbasket.ru/fa9f6089-ff1a-11ef-b068-2ecfbc218600/35353231353439-wibe-video-720/index.m3u8,245728491,False
https://wibes-07.wbbasket.ru/79b6c1f6-ffd5-11ef-a432-d6cc87002afd/32393830313134-wibe-video-1920/index.m3u8,239935878,False
https://wibes-01.wbbasket.ru/e56cbd11-f417-11ef-b8cf-1aeac5018cd1/32323836373332-wibe-video-1920/index.m3u8,317827235,True
https://wibes-06.wbbasket.ru/7f1574c8-067c-11f0-b198-36705ef0713e/35363730303839-wibe-video-1080/index.m3u8,273131793,False
https://wibes-05.wbbasket.ru/1db07632-03e2-11f0-bda7-0e990ecff956/35353330353337-wibe-video-1080/index.m3u8,153253896,False
https://wibes-07.wbbasket.ru/cd3da918-88a5-4cbc-8171-32c2736c9e15/3953637-wbkids_articles_editor-video-1080/index.m3u8,218788216,True
https://wibes-07.wbbasket.ru/37d66b75-77c3-4530-8c2f-290545fe1222/guide-video-1080/index.m3u8,120569119,True
https://wibes-01.wbbasket.ru/22b78aee-ff4e-11ef-90da-fa0e609547dc/35343939303935-wibe-video-852/index.m3u8,60149094,True
https://wibes-06.wbbasket.ru/a68e19e1-f8d6-11ef-aa5b-3a2433e5fa40/35343837353539-wibe-video-1080/index.m3u8,303390166,False
https://wibes-02.wbbasket.ru/ab3141d9-0428-11f0-9809-1ac8c67b85e3/31313739323231-wibe-video-1080/index.m3u8,169369143,False
https://wibes-01.wbbasket.ru/eb3a56f2-e79c-11ef-8520-b663b05cd8b7/31323230363832-wibe-video-1080/index.m3u8,228187157,False
https://wibes-04.wbbasket.ru/d74bf3c4-ff36-11ef-b418-5e8874d51c6b/35343936393533-wibe-video-720/index.m3u8,19540456,False
https://wibes-06.wbbasket.ru/c1f53f58-ff40-11ef-bd37-4e974b301cb3/35353330373436-wibe-video-1080/index.m3u8,253909314,True
https://wibes-05.wbbasket.ru/57d8f33b-00b8-11f0-ac4c-e2179674dadf/33323634363235-wibe-video-1080/index.m3u8,181362131,False
https://wibes-06.wbbasket.ru/a32f90c9-001c-11f0-a0ae-eea6100abea2/35353532323933-wibe-video-853/index.m3u8,179979318,False
https://wibes-01.wbbasket.ru/11451a92-0294-11f0-b9b6-8a5e224329ea/35363031373737-wibe-video-853/index.m3u8,364566577,False
https://wibes-04.wbbasket.ru/dc3ecfc2-5568-416e-ac3c-567a5e6f84c5/11166-wbkids_articles_editor-video-1080/index.m3u8,192582870,True
https://wibes-06.wbbasket.ru/49ea3d67-fead-11ef-a5e8-6ea5f0389a30/35353030323138-wibe-video-853/index.m3u8,340799852,False
https://wibes-03.wbbasket.ru/57c4ad86-0236-11f0-908d-5e1bc4da39d8/35353338373937-wibe-video-854/index.m3u8,14847844,False
https://wibes-06.wbbasket.ru/20a42c57-0366-11f0-bb15-baa94e9cdf9c/35353636303230-wibe-video-853/index.m3u8,320414163,False
https://wibes-01.wbbasket.ru/48cde2b7-00e6-11f0-b220-3a0b0ba5e6e9/35353636343636-wibe-video-1072/index.m3u8,178142792,True
https://wibes-01.wbbasket.ru/fc230311-05af-11f0-bf88-66be80331c94/31373038323136-wibe-video-960/index.m3u8,272033726,False
https://wibes-05.wbbasket.ru/ed909aab-ff7c-11ef-8591-66f871fc9a6f/34383731303032-wibe-video-960/index.m3u8,316772287,True
https://wibes-04.wbbasket.ru/26417834-feb2-11ef-bccb-368a70a12aad/31363837343732-wibe-video-853/index.m3u8,297900699,False
https://wibes-02.wbbasket.ru/59cd2f16-ffde-11ef-85ee-0a40dbe5b297/32323833313932-wibe-video-624/index.m3u8,261602357,True
https://wibes-05.wbbasket.ru/2ddaea96-0003-11f0-b63a-8ae375646db9/32333434313431-wibe-video-720/index.m3u8,171954990,True
https://wibes-02.wbbasket.ru/e6c1c42a-6690-43b2-8767-04b4eabeadee/335555-wbkids_articles_editor-video-1080/index.m3u8,175975429,True
https://wibes-04.wbbasket.ru/78bd9da4-ff70-11ef-b5e6-aee36934d363/33303131373937-wibe-video-1080/index.m3u8,317276449,True
https://wibes-07.wbbasket.ru/40b14285-0004-11f0-a7e1-4a8ddb746382/34303538343331-wibe-video-1080/index.m3u8,197993077,True
https://wibes-05.wbbasket.ru/1db07632-03e2-11f0-bda7-0e990ecff956/35353330353337-wibe-video-1080/index.m3u8,197222449,False
https://wibes-01.wbbasket.ru/62925aee-0002-11f0-b148-da8f057f981f/363438323036-wibe-video-852/index.m3u8,322120817,False
https://wibes-02.wbbasket.ru/4b04530f-e3c5-11ef-a321-ee878d4de2c9/33303837363938-wibe-video-1080/index.m3u8,277920289,False
https://wibes-07.wbbasket.ru/c78d58f5-ff87-11ef-9fe5-de40f0574c86/32353039313836-wibe-video-1920/index.m3u8,250994329,False
https://wibes-03.wbbasket.ru/49e6a267-ef0d-440d-a204-9066f2100d2b/887189-wbkids_articles_editor-video-1080/index.m3u8,161962636,False
https://wibes-07.wbbasket.ru/f1ac2d94-ff79-11ef-bccb-368a70a12aad/35353230353431-wibe-video-852/index.m3u8,249128123,False
https://wibes-02.wbbasket.ru/3de4eb6f-ff3f-11ef-a6f1-9acef21d9a46/35353331393831-wibe-video-1280/index.m3u8,8719276,False
https://wibes-03.wbbasket.ru/949393b2-ffeb-11ef-8e4c-3ef3113ca3d2/35353235353034-wibe-video-1080/index.m3u8,245334484,True
https://wibes-04.wbbasket.ru/b3ba186a-0043-11f0-a13b-a6d6cd3017f2/35353537313330-wibe-video-851/index.m3u8,192760883,False
https://wibes-05.wbbasket.ru/9327c620-0012-11f0-a2f2-d2d6b1d33363/35353334393137-wibe-video-1536/index.m3u8,192559586,False
https://wibes-05.wbbasket.ru/c059ce35-05cb-11f0-8860-42650d89e0b6/35363430343837-wibe-video-864/index.m3u8,330338731,True
https://wibes-02.wbbasket.ru/2417cecb-ff52-11ef-a50b-2a987f8d0124/35333434333930-wibe-video-718/index.m3u8,183169982,False
https://wibes-02.wbbasket.ru/a9ec9fde-dcc5-11ef-b047-aa001d3a6b78/34353530-wibe-video-1080/index.m3u8,301223970,False
https://wibes-03.wbbasket.ru/5d6fd8b1-fea1-11ef-b5c9-f231a8ef17f4/35353130303436-wibe-video-1080/index.m3u8,134229613,False
https://wibes-04.wbbasket.ru/a063a4aa-ff88-11ef-995c-d2f1ff43a67a/35353334313136-wibe-video-853/index.m3u8,238791117,False
https://wibes-01.wbbasket.ru/20c58a62-fe89-11ef-99c8-5a586859bf71/35353034343932-wibe-video-1200/index.m3u8,201162575,False
https://wibes-07.wbbasket.ru/166c0f93-fef5-11ef-a58a-0ab073837fcd/35353037383837-wibe-video-852/index.m3u8,215120187,False
https://wibes-01.wbbasket.ru/5d165be0-fecd-11ef-8ed5-6623aa30fda9/35343939353832-wibe-video-853/index.m3u8,188023930,False
https://wibes-06.wbbasket.ru/3a7de78d-0045-11f0-80c9-fa3e1889317c/32393232353835-wibe-video-720/index.m3u8,257033701,False
https://wibes-04.wbbasket.ru/0dc37b47-ff4b-11ef-b565-22482c8907a6/35353238363839-wibe-video-853/index.m3u8,196144449,False
https://wibes-01.wbbasket.ru/f6b15616-fec1-11ef-90a5-b6b8daf29a7e/35353030393634-wibe-video-853/index.m3u8,170557877,False
https://wibes-01.wbbasket.ru/7a53de8c-ff44-11ef-88ed-460e0eec9d31/35353238323339-wibe-video-851/index.m3u8,262569459,False
https://wibes-02.wbbasket.ru/5565e743-032d-11f0-bf83-ba6a5cf5ea5d/35353438353535-wibe-video-1080/index.m3u8,314077104,False
https://wibes-01.wbbasket.ru/d1c7ffbf-ff48-11ef-88ed-460e0eec9d31/32353039313836-wibe-video-853/index.m3u8,90998448,False
https://wibes-01.wbbasket.ru/cd361de9-e541-11ef-b0fb-7625134a9bcb/35343837303433-wibe-video-1080/index.m3u8,209621066,False
https://wibes-01.wbbasket.ru/dcaa8acf-feb0-11ef-9f39-ca98942ee903/35353032393032-wibe-video-1080/index.m3u8,253792937,False
https://wibes-01.wbbasket.ru/7e091fa6-04af-11f0-bb2e-822fc7af082e/35353236383035-wibe-video-1080/index.m3u8,173839309,True
https://wibes-01.wbbasket.ru/8683f81b-fe72-11ef-a5d3-e2aeff59d81b/35343934323037-wibe-video-852/index.m3u8,314305949,False
https://wibes-07.wbbasket.ru/77877b3c-030a-11f0-9c53-b29a98419bd7/35353433343532-wibe-video-1920/index.m3u8,13257167,False
https://wibes-01.wbbasket.ru/44759b55-ea2b-11ef-adc1-4a7f1d033ce0/323737333730-wibe-video-1080/index.m3u8,276634179,False
https://wibes-01.wbbasket.ru/75687992-0117-11f0-aebf-ba21f2c471e9/35353034333938-wibe-video-853/index.m3u8,327958594,False
https://wibes-04.wbbasket.ru/6e635298-ff7c-11ef-96d5-a6bb3743b5f2/35353431353335-wibe-video-853/index.m3u8,230738743,False
https://wibes-02.wbbasket.ru/1f3522a2-fed6-11ef-9a0a-067b3aeb8003/313131373739-wibe-video-1080/index.m3u8,288177106,False
https://wibes-06.wbbasket.ru/fa3cd35d-00f1-11f0-a338-ae8396e9d04e/32373932333933-wibe-video-1080/index.m3u8,295799651,False
https://wibes-06.wbbasket.ru/f6db1856-f998-11ef-8c15-fab5f96b1e41/32353133383231-wibe-video-1246/index.m3u8,265487624,False
https://wibes-01.wbbasket.ru/54c74482-00dc-11f0-aebf-ba21f2c471e9/35353635383132-wibe-video-853/index.m3u8,150488895,False
https://wibes-07.wbbasket.ru/1bf3ad72-003e-11f0-b0e8-d2a38067b662/35353537313330-wibe-video-853/index.m3u8,245501102,False
https://wibes-07.wbbasket.ru/840a45ae-0040-11f0-9402-b274d9af5aff/35353537313030-wibe-video-1080/index.m3u8,274820735,False
https://wibes-01.wbbasket.ru/0b5a2783-00c9-11f0-8354-cebccf2f1c14/32333030383134-wibe-video-720/index.m3u8,284623842,False
https://wibes-01.wbbasket.ru/cd361de9-e541-11ef-b0fb-7625134a9bcb/35343837303433-wibe-video-1080/index.m3u8,250482831,False
https://wibes-02.wbbasket.ru/c4d1eba9-0031-11f0-b1fa-1275416dd3a0/31343734373038-wibe-video-720/index.m3u8,275008378,False
https://wibes-03.wbbasket.ru/e3835631-04d0-11f0-be15-762a432f150f/35363439373432-wibe-video-496/index.m3u8,281604501,False
https://wibes-01.wbbasket.ru/b46a25e6-ddd8-11ef-ab13-5ec49904081e/323133313433-wibe-video-1080/index.m3u8,47430210,False
https://wibes-03.wbbasket.ru/f35be5e9-05a3-11f0-916e-22c70e75a27d/35343933343332-wibe-video-480/index.m3u8,197993495,False
https://wibes-06.wbbasket.ru/c1f53f58-ff40-11ef-bd37-4e974b301cb3/35353330373436-wibe-video-1080/index.m3u8,253909313,True
https://wibes-07.wbbasket.ru/760f9a6c-0099-11f0-bd98-52bf89eb9826/383930373138-wibe-video-720/index.m3u8,200348351,False
https://wibes-03.wbbasket.ru/9744f347-017d-11f0-95b3-e66d69658f53/35353233393837-wibe-video-1080/index.m3u8,168868847,False
https://wibes-05.wbbasket.ru/a1ad9a45-001e-11f0-9799-3e385ffa6709/35353533373839-wibe-video-853/index.m3u8,258501846,False
https://wibes-03.wbbasket.ru/6708578f-02e8-11f0-b60f-6ac77fd80f6a/35363035353833-wibe-video-1920/index.m3u8,205798565,False
https://wibes-06.wbbasket.ru/c11847be-4985-44ab-990e-97565a5d84cd/703432-wbkids_articles_editor-video-1080/index.m3u8,264770490,False
https://wibes-07.wbbasket.ru/5259e854-4ac0-4b5d-ba7c-047694017a87/1193896-wbkids_articles_editor-video-1080/index.m3u8,107900735,False
https://wibes-03.wbbasket.ru/e8c60934-fe82-11ef-bc7b-76f387de9c2e/35353032353134-wibe-video-1080/index.m3u8,267045634,False
https://wibes-07.wbbasket.ru/a8bc5f99-f449-11ef-b70b-6e6cabc6c8f7/32323836373332-wibe-video-1920/index.m3u8,53862863,False
https://wibes-06.wbbasket.ru/cfe2ec8e-dfd5-11ef-9046-f65cc028d6ba/35343836333232-wibe-video-1080/index.m3u8,265930169,False
https://wibes-03.wbbasket.ru/9e8db924-ff31-11ef-9d42-923d1b44cc01/35353239303234-wibe-video-852/index.m3u8,223576017,False
https://wibes-04.wbbasket.ru/f3cae3a6-00dd-11f0-b456-126862b3e2ab/35353635383935-wibe-video-853/index.m3u8,243286246,True
https://wibes-01.wbbasket.ru/0514a778-e0e0-11ef-bb5d-0232520e4ee0/35343836383539-wibe-video-1080/index.m3u8,303240677,False
https://wibes-02.wbbasket.ru/44a21fc1-00e7-11f0-aebf-ba21f2c471e9/35353636333531-wibe-video-853/index.m3u8,334271961,False
https://wibes-04.wbbasket.ru/36dc22e8-6a0a-4f84-bdf6-938b2d0db135/3981583-wbkids_articles_editor-video-1080/index.m3u8,95710051,False
https://wibes-02.wbbasket.ru/26a9297d-00e9-11f0-b021-1e935180b6e0/393432343232-wibe-video-1080/index.m3u8,291691309,True
https://wibes-01.wbbasket.ru/a220d110-02f0-11f0-9457-46c56c96cdb5/35363035393933-wibe-video-960/index.m3u8,254505261,False
https://wibes-05.wbbasket.ru/a64f81be-ff3e-11ef-9589-4698dab8ed0e/34333931353930-wibe-video-853/index.m3u8,347473166,True
https://wibes-07.wbbasket.ru/d7ee1554-0008-11f0-a0ae-eea6100abea2/35353436393533-wibe-video-852/index.m3u8,238793900,True
https://wibes-01.wbbasket.ru/43650669-fed0-11ef-b40c-22482c8907a6/35353030343136-wibe-video-853/index.m3u8,31950565,False
https://wibes-06.wbbasket.ru/db314e89-03cd-11f0-a70a-2e5e9a751d71/34303533303334-wibe-video-1080/index.m3u8,242936032,False
https://wibes-05.wbbasket.ru/c7ccc139-0295-11f0-ae01-8efdd448a88b/35363031373737-wibe-video-853/index.m3u8,147400526,False
https://wibes-07.wbbasket.ru/1293bbe3-b673-40a6-b518-bac962b8d967/703432-wbkids_articles_editor-video-1080/index.m3u8,25690845,False
https://wibes-01.wbbasket.ru/ac0a38db-0126-11f0-b456-126862b3e2ab/35353733323934-wibe-video-852/index.m3u8,249035639,False
https://wibes-05.wbbasket.ru/ff8c768d-ff75-11ef-bf22-9a340fda2819/35353430383536-wibe-video-1080/index.m3u8,265228597,False
https://wibes-01.wbbasket.ru/de426cc9-e3c7-11ef-8724-dad1a0fd1be1/33303837363938-wibe-video-1080/index.m3u8,316321038,False
https://wibes-04.wbbasket.ru/5efed620-00f3-11f0-9d71-72872100160c/32333533393431-wibe-video-720/index.m3u8,223261285,False
https://wibes-04.wbbasket.ru/9f5dc2f6-011f-11f0-aebf-ba21f2c471e9/35353336373937-wibe-video-1920/index.m3u8,310285288,False
https://wibes-07.wbbasket.ru/aace57d2-ff1d-11ef-ae6c-ae9ceb06c459/35353234353237-wibe-video-853/index.m3u8,261424428,True
https://wibes-01.wbbasket.ru/3dceef11-ff2c-11ef-a657-3293f04166eb/32353830363032-wibe-video-853/index.m3u8,167353192,False
https://wibes-04.wbbasket.ru/50ad2a55-ecab-11ef-a4f7-ce38f62a124a/35343837373037-wibe-video-1080/index.m3u8,138674545,False
https://wibes-04.wbbasket.ru/c0fc5c64-ff29-11ef-bccb-368a70a12aad/35353236343530-wibe-video-853/index.m3u8,143546800,False
https://wibes-03.wbbasket.ru/a54a3aaa-01ba-11f0-b5a3-92fbfe657c28/35353139393534-wibe-video-720/index.m3u8,241521242,False
https://wibes-04.wbbasket.ru/6a172846-dfd5-11ef-a9d8-82db213390fe/35343836333232-wibe-video-1080/index.m3u8,153250988,False
https://wibes-06.wbbasket.ru/83d44469-0005-11f0-851d-caa9ac6b2d0f/32383431353234-wibe-video-720/index.m3u8,173282940,False
https://wibes-01.wbbasket.ru/45f31d27-ff36-11ef-96d5-a6bb3743b5f2/35343839353034-wibe-video-853/index.m3u8,233994131,False
https://wibes-01.wbbasket.ru/860dae9f-a268-441b-a488-590f06f83681/38628-wbkids_articles_editor-video-1080/index.m3u8,87359183,False
https://wibes-02.wbbasket.ru/fcc03722-00f9-11f0-9a37-36c86be66d90/35353639333336-wibe-video-1080/index.m3u8,178497319,False
https://wibes-06.wbbasket.ru/fa0b0a31-ffba-11ef-979e-fa4b988f3306/35353032343035-wibe-video-720/index.m3u8,271493836,False
https://wibes-01.wbbasket.ru/de426cc9-e3c7-11ef-8724-dad1a0fd1be1/33303837363938-wibe-video-1080/index.m3u8,142743630,False
https://wibes-02.wbbasket.ru/d6e35ffb-fe92-11ef-8cf8-fea7e6a200c3/35333434333930-wibe-video-480/index.m3u8,212858245,False
https://wibes-01.wbbasket.ru/1b19a23c-0006-11f0-a779-ce0e2de6323b/31383339373335-wibe-video-1080/index.m3u8,257197126,True
https://wibes-01.wbbasket.ru/430f7eea-0328-11f0-93bb-827defdc7dc9/35353233373434-wibe-video-1080/index.m3u8,224272686,False
https://wibes-02.wbbasket.ru/e8c7d66b-0656-11f0-9118-a257f441be34/33303135343430-wibe-video-853/index.m3u8,260763551,False
https://wibes-01.wbbasket.ru/3ac9484e-f855-11ef-957c-e6b2bf36e7f7/guide-0394e12b-e466-42e0-b64d-5be02df906d6-1080/index.m3u8,304773373,False
https://wibes-05.wbbasket.ru/67c7a216-eb91-4b1c-a68c-96c3e47786c2/383739323337-guru-video-1080/index.m3u8,326159613,False
https://wibes-05.wbbasket.ru/f61a7434-ff86-11ef-b547-de93c88d8365/32353039313836-wibe-video-1920/index.m3u8,208337607,False
https://wibes-06.wbbasket.ru/1be8dd97-01b8-11f0-9a37-36c86be66d90/34373037313334-wibe-video-960/index.m3u8,250994329,False
https://wibes-02.wbbasket.ru/2355a137-ea2a-11ef-a43f-9690deb172d6/934249-wbkids_articles_editor-video-1080/index.m3u8,163531518,True
https://wibes-06.wbbasket.ru/2ba0d9bf-fe63-11ef-9e9a-7e0f9967c4af/35343839353034-wibe-video-853/index.m3u8,214995576,False
https://wibes-07.wbbasket.ru/43347fe6-e399-11ef-8083-ee703bcf8f04/35343836353434-wibe-video-1080/index.m3u8,276975605,False
https://wibes-01.wbbasket.ru/8354b3f0-004b-11f0-a99b-865834f0f57a/35353035343136-wibe-video-1080/index.m3u8,292617484,False
https://wibes-01.wbbasket.ru/4736b65b-dc85-11ef-b047-aa001d3a6b78/32333533393431-wibe-video-1080/index.m3u8,236040874,False
https://wibes-03.wbbasket.ru/009aab1f-feaa-11ef-b407-06d0689530a1/35343933373437-wibe-video-464/index.m3u8,276635666,False
https://wibes-07.wbbasket.ru/d62d85f1-0019-11f0-b0bc-927aa2142b9c/35353532333130-wibe-video-853/index.m3u8,265518125,True
https://wibes-05.wbbasket.ru/5302b24b-0581-11f0-8005-f2b52220ac6d/supplier-861941-wibe-video-1080/index.m3u8,278953596,False
https://wibes-03.wbbasket.ru/273b8cb9-f44a-11ef-87ee-aa107bdb0210/35343837373530-wibe-video-851/index.m3u8,205839963,False
https://wibes-02.wbbasket.ru/127579e5-0273-11f0-ba8d-f2fdcedbdd17/31333935333834-wibe-video-1080/index.m3u8,216497042,True
https://wibes-02.wbbasket.ru/0d63187d-3846-4fe8-8ccd-96bd931858be/16346-wbkids_articles_editor-video-1080/index.m3u8,208031864,False
https://wibes-01.wbbasket.ru/84dbb7aa-0416-11f0-b9b6-8a5e224329ea/35353637343131-wibe-video-851/index.m3u8,210563496,True
https://wibes-03.wbbasket.ru/6262ea27-03d4-11f0-908d-5e1bc4da39d8/35363331383531-wibe-video-853/index.m3u8,315060788,True
https://wibes-06.wbbasket.ru/99e83d53-047e-11f0-ac78-ce91c537b594/33323538343636-wibe-video-1080/index.m3u8,329209473,False
https://wibes-01.wbbasket.ru/c47dc39c-060d-11f0-99f8-86be44676d69/35353337353435-wibe-video-853/index.m3u8,230588209,False
https://wibes-05.wbbasket.ru/37fa15a7-3f2d-427d-b250-1e4e0424f4b9/35343630303730-guru-video-1080/index.m3u8,208512512,False
https://wibes-03.wbbasket.ru/ac80ce66-01c7-11f0-bce3-226765349b69/35353833363733-wibe-video-1080/index.m3u8,1958049,False
https://wibes-07.wbbasket.ru/0e8a1006-ff5d-11ef-995c-d2f1ff43a67a/32373033363739-wibe-video-851/index.m3u8,240877347,False
https://wibes-02.wbbasket.ru/6a4a3e12-04b8-11f0-b06d-7e19fa6812cc/35363333393934-wibe-video-1080/index.m3u8,240458832,False
https://wibes-04.wbbasket.ru/594bfc69-aaba-45e7-907a-20cb86e44a0c/887189-wbkids_articles_editor-video-1080/index.m3u8,200754010,False
https://wibes-01.wbbasket.ru/79b89e38-ff0c-11ef-af61-d26bd23330e5/31393737373033-wibe-video-852/index.m3u8,234581525,True
https://wibes-01.wbbasket.ru/227bf069-0714-11f0-b6c4-aa571f2dd642/35363132373737-wibe-video-720/index.m3u8,301688114,False
https://wibes-06.wbbasket.ru/72ee539a-fecf-11ef-90a5-b6b8daf29a7e/35343933393132-wibe-video-853/index.m3u8,17023056,False
https://wibes-03.wbbasket.ru/52ec6618-a5f2-448b-95be-0eaba77e8547/62088-guru-video-1080/index.m3u8,253937068,False
https://wibes-03.wbbasket.ru/601948f2-e3c6-11ef-a321-ee878d4de2c9/33303837363938-wibe-video-1080/index.m3u8,137821761,False
https://wibes-02.wbbasket.ru/015c198c-f5d0-11ef-aa5b-3a2433e5fa40/33333332343038-wibe-video-1080/index.m3u8,309805494,False
https://wibes-05.wbbasket.ru/8c2ab557-f9aa-11ef-a94a-da76151af403/35343836333232-wibe-video-720/index.m3u8,65338700,True
https://wibes-01.wbbasket.ru/46561a58-000a-11f0-b7ca-4212597cec20/33353336383735-wibe-video-1080/index.m3u8,165845996,False
https://wibes-07.wbbasket.ru/8ce39440-fecc-11ef-8ed5-6623aa30fda9/35343939363030-wibe-video-853/index.m3u8,221724494,False
https://wibes-01.wbbasket.ru/c1868498-0002-11f0-a222-1e0689ece429/35353239343330-wibe-video-853/index.m3u8,244048108,True
https://wibes-07.wbbasket.ru/781cccb3-ff11-11ef-9a0d-3ada248c60a8/35343932303632-wibe-video-1080/index.m3u8,224628264,False
https://wibes-03.wbbasket.ru/dc751335-02a5-11f0-9763-56d261be8c37/35353030323831-wibe-video-853/index.m3u8,196799113,True
https://wibes-01.wbbasket.ru/d5e26792-f08b-11ef-8a2c-620d2fa3db49/35343837373836-wibe-video-1920/index.m3u8,308354181,False
https://wibes-05.wbbasket.ru/516b9db1-0179-11f0-a70a-2e5e9a751d71/33313339363438-wibe-video-720/index.m3u8,254738559,False
https://wibes-06.wbbasket.ru/ddc6139a-fef0-11ef-9a20-1e9a5227c82f/35353037373939-wibe-video-853/index.m3u8,18114593,False
https://wibes-02.wbbasket.ru/a21d3171-0009-11f0-ac45-aed9e77bf68c/35353532323034-wibe-video-720/index.m3u8,84961896,True
https://wibes-02.wbbasket.ru/af40236a-ff4a-11ef-9589-4698dab8ed0e/35353238363839-wibe-video-853/index.m3u8,254800634,False
https://wibes-02.wbbasket.ru/9b814a17-e8e4-11ef-b845-2ae9400a3ec3/34393432363539-wibe-video-1080/index.m3u8,247678769,False
https://wibes-03.wbbasket.ru/15b55912-ff02-11ef-b51b-ae42a11cbc86/35353139373537-wibe-video-808/index.m3u8,148825454,False
https://wibes-04.wbbasket.ru/09ec7d52-ff03-11ef-b050-a626440bc9c2/35353230303138-wibe-video-1080/index.m3u8,241189001,False
https://wibes-03.wbbasket.ru/c60dc8fb-ffff-11ef-b001-86717410e9ce/35353337333532-wibe-video-1080/index.m3u8,208200787,True
https://wibes-05.wbbasket.ru/44a720f7-feb0-11ef-8cb9-12e4033add9c/35343839353535-wibe-video-720/index.m3u8,301531491,False
https://wibes-01.wbbasket.ru/63f73406-47f9-49fd-b5ca-1adbbda3dd52/guru-video-1080/index.m3u8,231023272,False
https://wibes-03.wbbasket.ru/367e4b4e-a100-431f-9b31-511bd4f52434/3981583-wbkids_articles_editor-video-1080/index.m3u8,249681430,False
https://wibes-02.wbbasket.ru/e7a6c32c-fff6-11ef-926a-a247c64547dd/35353436313836-wibe-video-852/index.m3u8,226523995,False
https://wibes-05.wbbasket.ru/663bf5b0-0018-11f0-a432-d6cc87002afd/35353333333735-wibe-video-853/index.m3u8,181562540,False
https://wibes-06.wbbasket.ru/b8ca856a-fe87-11ef-9953-02f1d8e325e2/35333535363430-wibe-video-1080/index.m3u8,144849074,False
https://wibes-07.wbbasket.ru/92e062b7-3923-41af-940a-cb90dcbd3d07/35333730373339-guru-video-1080/index.m3u8,180343940,False
https://wibes-03.wbbasket.ru/5d6fd8b1-fea1-11ef-b5c9-f231a8ef17f4/35353130303436-wibe-video-1080/index.m3u8,164312068,False
https://wibes-05.wbbasket.ru/a2fe1f15-ff07-11ef-9589-4698dab8ed0e/35353133353630-wibe-video-851/index.m3u8,262017090,False
https://wibes-07.wbbasket.ru/56c43ce4-ed6e-11ef-8996-4686374b8f59/35343837363933-wibe-video-1080/index.m3u8,267854709,False
https://wibes-02.wbbasket.ru/6c075e48-0640-11f0-afdd-561eb142357a/32363037313439-wibe-video-480/index.m3u8,75626286,False
https://wibes-04.wbbasket.ru/feb81637-004e-11f0-bd98-52bf89eb9826/35353538343730-wibe-video-1080/index.m3u8,85943469,False
https://wibes-03.wbbasket.ru/a6e1c215-0041-11f0-a864-6a02630a6ea0/35353537313330-wibe-video-853/index.m3u8,119187022,False
https://wibes-02.wbbasket.ru/705cb60d-ff52-11ef-84c7-1ac007fcbd5a/35353235363337-wibe-video-853/index.m3u8,216360068,False
https://wibes-02.wbbasket.ru/e6b2cbb7-019b-11f0-908d-5e1bc4da39d8/35353737363538-wibe-video-852/index.m3u8,242749239,False
https://wibes-02.wbbasket.ru/ee41bd2f-fffa-11ef-9799-3e385ffa6709/35353436393533-wibe-video-853/index.m3u8,100635880,False
https://wibes-04.wbbasket.ru/9fcb559c-03e0-11f0-801f-ce6bd4fa71ac/35353634393331-wibe-video-720/index.m3u8,214618416,True
https://wibes-07.wbbasket.ru/c81b06ce-fe8b-11ef-9992-62fa671218b5/353933323431-wibe-video-480/index.m3u8,124147620,True
https://wibes-03.wbbasket.ru/15b55912-ff02-11ef-b51b-ae42a11cbc86/35353139373537-wibe-video-808/index.m3u8,149541200,False
https://wibes-06.wbbasket.ru/e4c0818d-ff86-11ef-8ed5-6623aa30fda9/32353039313836-wibe-video-1920/index.m3u8,219934605,False
https://wibes-06.wbbasket.ru/a8cb37dc-fe8a-11ef-9ce7-fe49c7caff05/35353034383739-wibe-video-1080/index.m3u8,127546582,False
https://wibes-06.wbbasket.ru/9cb0fe8b-f86a-11ef-957c-e6b2bf36e7f7/guide-d4b0a83d-10ec-451c-9e47-4d077d9356e3-1080/index.m3u8,238315614,False
https://wibes-01.wbbasket.ru/9928376b-017f-11f0-bb15-baa94e9cdf9c/35353234353237-wibe-video-1280/index.m3u8,268128202,False
https://wibes-03.wbbasket.ru/6d71190a-4151-4d00-bc3f-2ed5eb1221ff/3915360-wbkids_articles_editor-video-1080/index.m3u8,220307665,False
https://wibes-06.wbbasket.ru/1a51dc47-fe9f-11ef-9589-4698dab8ed0e/32303739353739-wibe-video-853/index.m3u8,178998841,False
https://wibes-01.wbbasket.ru/cb36ac53-0146-11f0-b9b6-8a5e224329ea/31303535333735-wibe-video-852/index.m3u8,103324601,False
https://wibes-04.wbbasket.ru/0b9d0ac3-0695-11f0-995f-ca286c59417a/35363730393736-wibe-video-853/index.m3u8,176704650,False
https://wibes-04.wbbasket.ru/4cf9220b-0237-11f0-93a1-6ac77fd80f6a/35353338373937-wibe-video-853/index.m3u8,246057787,False
